Category,Item_ID,Manufacturer,Item_Name,Cat_No,Storage,Location,Opened_Date,Quantity_Size,Form_Type,MW_kDa,Requester,Note
Chemical,CHM-0001,Sigma,(±)-Verapamil hydrochloride,V4629,RT,,,1g,solid,,,
Chemical,CHM-0002,T&I,"0.5M EDTA, pH 8.0",BED9180-005M,RT,,2013.14.22,500mL,liquid,,,
Chemical,CHM-0003,Sigma,"1-Chloro-2,4-dinitrobenzene",237329,RT,,,10g,solid,,,
Chemical,CHM-0004,Bio-rad,10x Tris/CAPS Buffer for Semi-Dry Blotting,1610778,RT,,,1L,liquid,,,
Chemical,CHM-0005,USB,1M Magnesium Chloride,78641,RT,,,100mL,liquid,,,
Chemical,CHM-0006,Daejung,1N-Hydrochloric acid standard solution,4095-3700,RT,,,1L,liquid,,,
Chemical,CHM-0007,Daejung,1N-Hydrochloric acid standard solution,4095-3700,RT,,,1L,liquid,,,
Chemical,CHM-0008,Daejung,1N-Sodium hydroxide standard solution,7576-3700,RT,,,1L,liquid,,,
Chemical,CHM-0009,Supelco,2-propanol,1.09634.1011,RT,,2021.09.12,1L,liquid,,,
Chemical,CHM-0010,TREVIGEN 4,200mM EDTA,4250-050-04,RT,,2008.12.17,12.5mL,liquid,,,
Chemical,CHM-0011,Sigma,"3,4-Dihydroxy-L-phenylalanine",D9628,RT,,,5g,solid,,,
Chemical,CHM-0012,Sigma,"3,5-Dinitrosalicylic acid",D0550,RT,,,10g,solid,,,
Chemical,CHM-0013,Sigma,4-Hydroxy-3-methoxycinnamaldehyde,382051,RT,,,1g,solid,,,
Chemical,CHM-0014,T&I,4% Paraformaldehyde Solution,BPP-9004,RT,,2021.11.17,500mL,liquid,,,
Chemical,CHM-0015,Sigma,5-Aminosalicylic acid,A79809,RT,,,5g,solid,,,
Chemical,CHM-0016,Sigma,"5,5'-Dithio-bis(2-nitro-benzoic acid)",D8130,RT,,,10g,solid,,,
Chemical,CHM-0017,SCBT,8-Hydroxyzuindine hemisulfate salt hemihydrate,SC-227132,RT,,2018.01.03,100g,solid,,,
Chemical,CHM-0018,부광약품,헥사메딘,,RT,,,250mL,liquid,,,
Chemical,CHM-0019,Sigma,Acetone,270725,RT,,2014.12.23,1L,liquid,,,
Chemical,CHM-0020,Thermo Scientific,Acetonitrile,A998-4,RT,,,4L,liquid,,,
Chemical,CHM-0021,BioShop,"Agarose, biotechnology grade",AGA001.500,RT,,,500g,solid,,,
Chemical,CHM-0022,Sigma,"Agaros, Type VII",A4018,RT,,2010.02.06,1g,solid,,,
Chemical,CHM-0023,Sigma,"Agarose, low gelling temperature",A9414,RT,,,10g,solid,,,
Chemical,CHM-0024,Sigma,Alizarin Red S,A5533,RT,,,25g,solid,,,
Chemical,CHM-0025,Sigma,Aluminum chloride,237051,RT,,,100g,solid,,,
Chemical,CHM-0026,Sigma,Ammonium persulfate,A3678,RT,,,100g,solid,,,
Chemical,CHM-0027,BD,Bacto pepton,211677,RT,,,500g,solid,,,
Chemical,CHM-0028,Sigma,Barium acetate,243671,RT,,,100g,solid,,,
Chemical,CHM-0029,Sigma,Berberine Chloride,PHR1502,RT,,,500mg,solid,,,
Chemical,CHM-0030,Sigma,Berberine Chloride form,B3251,RT,,2021.05.17,5g,solid,,,
Chemical,CHM-0031,TCI,Betanin,B0397,RT,,,25g,solid,,,
Chemical,CHM-0032,Sigma,Caffeic acid,C0625,RT,,2019.12.23,2g,solid,,,
Chemical,CHM-0033,USB,Calcium chloride dihydrate,117960(12531),RT,,,500g,solid,,,
Chemical,CHM-0034,Sigma,Cetirizine dihydrochloride,C3618,RT,,,50mg,solid,,,
Chemical,CHM-0035,Sigma,Cetylpyridinium chloride,C0732,RT,,,100g,solid,,,
Chemical,CHM-0036,STC,Chalcone,SC-204681,RT,,,25g,solid,,,
Chemical,CHM-0037,Sigma,Chloroform,C2432,RT,,,1L,liquid,,,
Chemical,CHM-0038,Sigma,Chlorogenic acid,C3878,RT,,,250mg,solid,,,
Chemical,CHM-0039,TCI,Chlorogenic Acid Hydrate,C0181,RT,,,1g,solid,,,
Chemical,CHM-0040,Sigma,Cobalt(II) chloride,232696,RT,,2017.02.21,5g,solid,,,
Chemical,CHM-0041,Sigma,Corn oil,C8267,RT,,2015.10.02,500mL,liquid,,,
Chemical,CHM-0042,Sigma,D-(+)-Glucose,47249,RT,,,,solid,,,
Chemical,CHM-0043,Sigma,D-(+)-Glucose,G5767,RT,,,25g,solid,,,
Chemical,CHM-0044,Sigma,D-(−)-Fructose,F2793,RT,,,500mg,solid,,,
Chemical,CHM-0045,GE healthcare,DEAE Sephadex A-25,17017001,RT,,,100g,solid,,,
Chemical,CHM-0046,MP Biomedicals,Dextran sulfate sodium salt colitis grade,160110,RT,,,100g,solid,,,
Chemical,CHM-0047,Daejung,Dichloromethane,3030-4400,RT,,,1kg,liquid,,,
Chemical,CHM-0048,Sigma,Diethanolamine,31589,RT,,,100g,solid,,,
Chemical,CHM-0049,Sigma,"Diethylenetriaminepenta acetic acid, minium 99% titration",D6518,RT,,,5g,solid,,,
Chemical,CHM-0050,BD,Difco Antiboitic medium 5,227710,RT,,,500g,solid,,,
Chemical,CHM-0051,Sigma,Diflunisal,D3281,RT,,,5g,solid,,,
Chemical,CHM-0052,Sigma,Dimethyl sulfoxide,D8418,RT,,,1L,liquid,,,
Chemical,CHM-0053,Daejung,Dimethyl sulfoxide,3047-4400,RT,,,1L,liquid,,,
Chemical,CHM-0054,Welgene,Dulbecco’s Phosphate-Buffered Saline,LB001-02,RT,,,500mL,liquid,,,
Chemical,CHM-0055,Supelco,Ethanol,1.00983.1011,RT,,,1L,liquid,,,
Chemical,CHM-0056,Millipore,Ethanol absolute for analysis EMSURE,54-17-5,RT,,,1L,liquid,,,
Chemical,CHM-0057,Samchun,"Ethyl alcohol, 95.0% Denatured",E0219,RT,,,18L,liquid,,,
Chemical,CHM-0058,Sigma,"Ethylene glycol-bis(β-aminoethyl ether)-N,N,N′,N′-tetraacetic acid tetrasodium salt",E8145,RT,,,10g,solid,,,
Chemical,CHM-0059,Sigma,Etoposide,E1383,RT,,,100g,solid,,,
Chemical,CHM-0060,Sigma,Folin & Ciocalteu's phenol reagent,F9252,RT,,,1L,liquid,,,
Chemical,CHM-0061,Sigma,"Folin&Ciocalteu's phenol reagent 2,4,6-Tris(2-pyridyl)-s-triazine",93285,RT,,,5g,solid,,,
Chemical,CHM-0062,JUNSEI,Formaldehyde solution,69360S0380,RT,,2019.12.07,1L,liquid,,,
Chemical,CHM-0063,Sigma,Formamide,F7508,RT,,,500g,liquid,,,
Chemical,CHM-0064,Sigma,Gallic acid,G7384,RT,,,100g,solid,,,
Chemical,CHM-0065,SCBT,Gallic acid,sc-205704,RT,,2012.10.19,10g,solid,,,
Chemical,CHM-0066,Sigma,"Giemsa Stain, Modified Solution",48900,RT,,,100mL,liquid,,,
Chemical,CHM-0067,USB,Glutathione-Reduced,16315,RT,,,25g,solid,,,
Chemical,CHM-0068,Calbiochem,Glycine,4840,RT,,,5kg,solid,,,
Chemical,CHM-0069,Sigma,Griess reagent (modified),G4410,RT,,2018.01.26,10g,solid,,,
Chemical,CHM-0070,Sigma,Hexadeculpyridinium bromide,H9151,RT,,,25g,solid,,,
Chemical,CHM-0071,Sigma,Hexadecylpyridinium chloride monohydrate,C9002,RT,,,100g,solid,,,
Chemical,CHM-0072,GeneAll,Hybrid-R 100p,305-101,RT,,,-,liquid,,,
Chemical,CHM-0073,Sigma,Hydrochloric acid,H1758,RT,,,100mL,liquid,,,
Chemical,CHM-0074,Sigma,IGEPAL® CA-630,I8896,RT,,,50mL,liquid,,,
Chemical,CHM-0075,Sigma,Indomethacin,I7378,RT,,,5g,solid,,,
Chemical,CHM-0076,Sigma,Iron(Ⅲ) chloride hexahydrate,44944,RT,,,50g,solid,,,
Chemical,CHM-0077,Daejung,Isopropyl alcohol,5035-4400,RT,,,1L,liquid,,,
Chemical,CHM-0078,Sigma,Kolliphor® EL,C5135,RT,,2015.10.02,500g,liquid,,,
Chemical,CHM-0079,Sigma,L-Ascorbic acid,A5960,RT,,,25g,solid,,,
Chemical,CHM-0080,Sigma,L-Cysteine,168149,RT,,,25g,solid,,,
Chemical,CHM-0081,Sigma,L-Serine,S4500,RT,,,1g,solid,,,
Chemical,CHM-0082,Sigma,Lead(II) acetate trihydrate,316512,RT,,,25g,solid,,,
Chemical,CHM-0083,LWK life Sciences,Lipsol Detergent,40023,RT,,2018.07.05,5L,liquid,,,
Chemical,CHM-0084,Sigma,Magnesium chloride hexahydrate,M2670,RT,,2016.02.23,100g,solid,,,
Chemical,CHM-0085,Sigma,meta-Phosphoric acid,239275,RT,,,100g,solid,,,
Chemical,CHM-0086,Thermo Scientific,Methanol,A452-4,RT,,,4L,liquid,,,
Chemical,CHM-0087,J.T.Baker,Methanol,9093-88,RT,,,4L,liquid,,,
Chemical,CHM-0088,Supelco,Methanol,1.06009.1011,RT,,2021.09.12,1L,liquid,,,
Chemical,CHM-0089,Daejung,Methyl Alcohol,5558-4410,RT,,,18L,liquid,,,
Chemical,CHM-0090,Daejung,Methyl Alcohol / 99.5%,5558-4410,RT,,,18L,liquid,,,
Chemical,CHM-0091,Sigma,Methyl viologen dichloride hydrate,856177,RT,,2009.08.27,250mg,solid,,,
Chemical,CHM-0092,Sigma,N-(1-Naphthyl)ethylenediamine dihydrochloride,N9125,RT,,,10g,solid,,,
Chemical,CHM-0093,Samchun,"Nitric acid, 68.0-70%",051019,RT,,,1kg,liquid,,,
Chemical,CHM-0094,Sigma,Oil red O,O0625,RT,,,100g,solid,,,
Chemical,CHM-0095,Sigma,Olive oil,O1514,RT,,,100mL,liquid,,,
Chemical,CHM-0096,Sigma,Orlistat,PHR1445,RT,,,1g,solid,,,
Chemical,CHM-0097,Sigma,p-Coumaric acid,C9008,RT,,,1g,solid,,,
Chemical,CHM-0098,Sigma,Palmitic acid,P0500,RT,,2021.05.17,10g,solid,,,
Chemical,CHM-0099,Sigma,Phenylmethanesulfonyl fluoride,P7626,RT,,,1g,solid,,,
Chemical,CHM-0100,Sigma,Phosphoric acid,345245,RT,,,100mL,liquid,,,
Chemical,CHM-0101,Thermo Scientific,Pierce™ BCA Protein Assay Reagent A,23228,RT,,,500mL,liquid,,,
Chemical,CHM-0102,Sigma,Ponceau S solution,P7170,RT,,,1L,liquid,,,
Chemical,CHM-0103,USB,Potassium Chloride,20598,RT,,,500g,solid,,,
Chemical,CHM-0104,Sigma,Potassium sodium tartrate tetrahydrate,217255,RT,,,500g,solid,,,
Chemical,CHM-0105,Sigma,Putrescine dihydrochloride,p5780,RT,,,5g,solid,,,
Chemical,CHM-0106,QIAGEN,QIAamp PowerFecal Pro DNA kit (50),51804,RT,,2021.10.20,,liquid,,,
Chemical,CHM-0107,Sigma,Resorufin,424455,RT,,2010.07.07,1g,solid,,,
Chemical,CHM-0108,Thermo Scientific,Restore™ PLUS Western Blot Stripping Buffer,46430,RT,,,500mL,liquid,,,
Chemical,CHM-0109,Curebio,"Sds solution, 10%",,RT,,,500mL,liquid,,,
Chemical,CHM-0110,GE healthcare,Sephadex LH-20,17009001,RT,,,100g,solid,,,
Chemical,CHM-0111,Sigma,Sinapic acid,D7927,RT,,,1g,solid,,,
Chemical,CHM-0112,Sigma,Sodium (meta)arsenite,S7400,RT,,,100g,solid,,,
Chemical,CHM-0113,Sigma,Sodium bicarbonate,S5761,RT,,,1kg,solid,,,
Chemical,CHM-0114,Sigma,Sodium bicarbonate,S6014,RT,,2019.05.16,500g,solid,,,
Chemical,CHM-0115,Sigma,Sodium carbonate,223484,RT,,,500g,solid,,,
Chemical,CHM-0116,Sigma,Sodium carbonate,222321,RT,,2019.05.16,500g,solid,,,
Chemical,CHM-0117,Sigma,Sodium carboxymethyl cellulose,419273,RT,,,100g,solid,,,
Chemical,CHM-0118,Sigma,Sodium carboxymethyl cellulose,419273,RT,,,100g,solid,,,
Chemical,CHM-0119,USB,Sodium chloride,4275449,RT,,,5kg,solid,,,
Chemical,CHM-0120,Sigma,Sodium dodecyl sulfate,L3771,RT,,,500g; 1kg,solid,,,
Chemical,CHM-0121,Sigma,Sodium hydroxide,795429,RT,,,500g,solid,,,
Chemical,CHM-0122,Sigma,Sodium hydroxide solution,72068,RT,,,100mL,liquid,,,
Chemical,CHM-0123,Sigma,Sodium metabisulfite,255556,RT,,,100g,solid,,,
Chemical,CHM-0124,Sigma,Sodium nitrite,563218,RT,,2019.05.16,25g,solid,,,
Chemical,CHM-0125,Sigma,Sodium orthovanadate,S6508,RT,,,10g,solid,,,
Chemical,CHM-0126,Sigma,Sodium phosphate,342483,RT,,,25g,solid,,,
Chemical,CHM-0127,Sigma,Sodium phosphate dibasic,S3264,RT,,,250g; 500g,solid,,,
Chemical,CHM-0128,Sigma,Sodium phosphate dibasic heptahydrate,S9390,RT,,,100g,solid,,,
Chemical,CHM-0129,Sigma,Sodium selenite,S5261,RT,,,10g; 25g,solid,,,
Chemical,CHM-0130,Sigma,Sodium sulfite,239321,RT,,,500g,solid,,,
Chemical,CHM-0131,Sigma,Sodium tartrate dibasic dihydrate,S4797,RT,,,100g,solid,,,
Chemical,CHM-0132,Sigma,Sucrose,47289,RT,,,,solid,,,
Chemical,CHM-0133,Sigma,Sulfanilamide,S9251,RT,,,100g,solid,,,
Chemical,CHM-0134,Daejung,Sulfuric acid 98%,7683-4100,RT,,,1kg,liquid,,,
Chemical,CHM-0135,Thermo Scientific,TEMED,17919,RT,,,25mL,liquid,,,
Chemical,CHM-0136,Sigma,Tetraethylthiuram disulfide,86720,RT,,,50g,solid,,,
Chemical,CHM-0137,Sigma,trans-Cinnamaldehyde,C80687,RT,,2018.01.26,25g,liquid,,,
Chemical,CHM-0138,Sigma,trans-Cinnamic acid,133760,RT,,,100g,solid,,,
Chemical,CHM-0139,Fisher scientific,Tris-Base,BP152-5,RT,,,5kg,solid,,,
Chemical,CHM-0140,Sigma,Tris-EDTA buffer solution,93302,RT,,,100mL,liquid,,,
Chemical,CHM-0141,Sigma,Triton™ X-100,X100,RT,,,100mL,liquid,,,
Chemical,CHM-0142,Sigma,Trizma® hydrochloride buffer solution,T3069,RT,,,1L,liquid,,,
Chemical,CHM-0143,Sigma,Trizma® hydrochloride solution,T2663,RT,,,1L,liquid,,,
Chemical,CHM-0144,Sigma,TWEEN® 20,P1379,RT,,,250mL,liquid,,,
Chemical,CHM-0145,Sigma,Vanillic acid,94770,RT,,,10g,solid,,,
Chemical,CHM-0146,Promega,Wizard SV Gel and PCR Clean-Up System,A9282,RT,,,,liquid,,,
Chemical,CHM-0147,Sigma,"Xanthin, Sigma Ultrea > 99%",X4002,RT,,,1g,solid,,,
Chemical,CHM-0148,JUNSEI,Xylene,1330-20-7,RT,,2019.06.18,1L,liquid,,,
Chemical,CHM-0149,ZYMO RESEARCH,ZymoBIOMICS 96 MagBead DNA kit,D4308,RT,,,,liquid,,,
Chemical,CHM-0150,Sigma,β-Endothelial Cell Growth Factor human,E1388,RT,,,25ug,solid,,,
Chemical,CHM-0151,SCBT,(±)-Naringenin,SC-203155,RT,,,1g,solid,,,
Chemical,CHM-0152,sigma,(-)-Epigallocatechin gallate,E4143,4'C,,,50mg,solid,,,Ref #3
Chemical,CHM-0153,Santa Cruz Biotechnology,(-)-Perillyl Alcohol,sc-205798,4'C,,2012.10.19,10g,liquid,,,Ref #4
Chemical,CHM-0154,sigma,(+)-Catechin hydrate,C1251,4'C,,,5g,solid,,,Ref #4
Chemical,CHM-0155,sigma,"(±)-6-Hydroxy-2,5,7,8-tetramethyl-chromane-2-carboxylic acid",238813,4'C,,,1g,solid,,,Ref #4
Chemical,CHM-0156,sigma,1-(Trimethylsilyl) imidazole,92751,4'C,,,50mL,liquid,,,Ref #4
Chemical,CHM-0157,sigma,"1,1,3,3-Tetraethoxypropane",T9889,4'C,,,25mL,liquid,,,Ref #4
Chemical,CHM-0158,Mpbio,10xRbCa TXN Salts,113103014,4'C,,2010.07.01,150mL,liquid,,,Ref #3
Chemical,CHM-0159,sigma,"2,2-Diphenyl-1-picrylhydrazyl",D9132; 43180,4'C,,,1g,solid,,,Ref #4
Chemical,CHM-0160,sigma,"2,2'-Azino-bis(3-ethylbenzothiazoline-6-sulfonic acide) diammonium salt",A1888,4'C,,2020.01.30,2g,solid,,,Ref #4
Chemical,CHM-0161,Biochemika,"2,2'-Azino-bis(3-ethylbenzothiazoline-6-sulfonic acide) diammonium salt",11557,4'C,,,1g,solid,,,Ref #4
Chemical,CHM-0162,Thermo Fisher,"2,2'-Azobis(2-methylpropionamidine)dihydrochloride",401560250,4'C,,2020.01.30,25g,solid,,,Ref #4
Chemical,CHM-0163,aldrich (sigma),"2,3,4-Trihydroxybenzoic acid",253847,4'C,,2014.12.02,5g,solid,,,Ref #3
Chemical,CHM-0164,Bio-Rad,30% Acrylamide/Bis solution 37.5:1,1610158,4'C,,2020.11.03,500mL,liquid,,,Ref #3
Chemical,CHM-0165,sigma,4-Hydroxybenzoic acid,240141,4'C,,,50g,solid,,,Ref #4
Chemical,CHM-0166,sigma,4-O-Caffeoylquinic acid,65969,4'C,,,10mg,solid,,,Ref #4
Chemical,CHM-0167,phytolab,"4,5-Dicaffeoylquinic acid",80427,4'C,,,10mg,solid,,,Ref #4
Chemical,CHM-0168,(Cytiva)Biacore,Acetate 4.0,BR-1003-49,4'C,,,50mL,liquid,,,Ref #3
Chemical,CHM-0169,(Cytiva)Biacore,Acetate 4.5,BR-1003-50,4'C,,,50mL,liquid,,,Ref #3
Chemical,CHM-0170,(Cytiva)Biacore,acetate 5.0,BR-1003-51,4'C,,,50mL,liquid,,,Ref #3
Chemical,CHM-0171,(Cytiva)Biacore,Acetate 5.5,BR-1003-52,4'C,,,50mL,liquid,,,Ref #3
Chemical,CHM-0172,Gendepot,Albumin,A0100-010,4'C,,2021.04.13,100g; 100g,solid,,,Ref #3
Chemical,CHM-0173,Santa Cruz Biotechnology,Allyl isothiocyanate,sc-252361,4'C,,2012.12.13,5g,liquid,,,Ref #4
Chemical,CHM-0174,sigma,"Allyl sulfide, 97%",A35801,4'C,,,25mL,liquid,,,Ref #4
Chemical,CHM-0175,sigma,ammonium pyrrolidinedithiocarbamate,P8765,4'C,,,1g,solid,,,Ref #3
Chemical,CHM-0176,sigma,Baicalein,465119,4'C,,2012.10.19,100mg,solid,,,Ref #4
Chemical,CHM-0177,sigma,"Benzyl isothiocyanate, 98%",252492,4'C,,,5g,liquid,,,Ref #4
Chemical,CHM-0178,chemFaces,Bergenin,CFN98724,4'C,,,20mg,solid,,,Ref #4
Chemical,CHM-0179,sigma,Betaine,B2629,4'C,,2013.01.30,50g,solid,,,Ref #4
Chemical,CHM-0180,Hps,"Bromide, Cl, F, NO3, Phosphate, SO4",IC-2-A-250,4'C,,,250mL,liquid,,,Ref #3
Chemical,CHM-0181,sigma,Caffeine,C0750,4'C,,,5g,solid,,,Ref #4
Chemical,CHM-0182,sigma,Capsaicin,M2028,4'C,,2012.10.19,50mg,solid,,,Ref #4
Chemical,CHM-0183,Millipore (sigma),Chip dillution buffer,20-153,4'C,,,24mL,liquid,,,Ref #3
Chemical,CHM-0184,sigma,cis-Diammineplatinum (II) dichloride,P4394,4'C,,,250mg; 100mg,solid,,,Ref #4
Chemical,CHM-0185,Santa Cruz Biotechnology,Cisplatin,sc-200896,4'C,,,100mg,solid,,,Ref #4
Chemical,CHM-0186,Wothington,Collagenase type 4,LS004188,4'C,,,1g,solid,,,Ref #4
Chemical,CHM-0187,chemFaces,Cryptotanshinone,CFN98478,4'C,,,20mg,solid,,,Ref #4
Chemical,CHM-0188,sigma,Cyclosporin A,30024,4'C,,,25mg,solid,,,Ref #3
Chemical,CHM-0189,sigma,D.P.X,317616,4'C,,2018.11.15,100mL,liquid,,,Ref #3
Chemical,CHM-0190,sigma,DAPI,D9542,4'C,,,10mg,solid,,,Ref #3
Chemical,CHM-0191,sigma,Dexamethasone,D4902,4'C,,,10mg; 25mg; 25mg,solid,,,Ref #4
Chemical,CHM-0192,Santa Cruz Biotechnology,Dihydrocoumarin,sc-227867,4'C,,,5g,liquid,,,Ref #4
Chemical,CHM-0193,sigma,DL-Dithiothreitol,D0632,4'C,,,5g,solid,,,Ref #3
Chemical,CHM-0194,sigma,Doxorubicin hydrochloride,44583,4'C,,,1mg,solid,,,Ref #3
Chemical,CHM-0195,sigma,Dulbecco's Phosphate bufered Saline,D5652-10x1L,4'C,,,1L,liquid,,,Ref #3
Chemical,CHM-0196,DYNEBIO,Dyne loading STAR,A750,4'C,,,1mL,liquid,,,Ref #3
Chemical,CHM-0197,sigma; santa cruz,Emodin,"E7881, sc-202601",4'C,,,50mg,solid,,,Ref #4
Chemical,CHM-0198,Biacore,Ethanolamine-HCL,,4'C,,,10.5mL,liquid,,,Ref #3
Chemical,CHM-0199,Santa Cruz Biotechnology,Eugenol,sc-203043,4'C,,,1g,liquid,,,Ref #4
Chemical,CHM-0200,sigma,Evodiamine,E3531,4'C,,2018.11.26,250mg,solid,,,Ref #4
Chemical,CHM-0201,sigma,Formamide,F9037,4'C,,2013.09.05,100mL,liquid,,,Ref #4
Chemical,CHM-0202,Fisher chemical,Formic acid,A117-50,4'C,,,50mL,liquid,,,Ref #3
Chemical,CHM-0203,sigma,Galangin,282200,4'C,,2012.10.19,25mg,solid,,,Ref #4
Chemical,CHM-0204,(Cytiva)Biacore,Glycine 1.5,BR-1003-54,4'C,,,100mL,liquid,,,Ref #3
Chemical,CHM-0205,(Cytiva)Biacore,Glycine 2.0,BR-1003-55,4'C,,,100mL,liquid,,,Ref #3
Chemical,CHM-0206,(Cytiva)Biacore,Glycine 2.5,BR-1003-56,4'C,,,10mL,liquid,,,Ref #3
Chemical,CHM-0207,sigma,"Glycogen from bovine liver, Type IX",G0885,4'C,,,1g,solid,,,Ref #4
Chemical,CHM-0208,(Cytiva)Biacore,HBS-EP buffer,BR-1001-88,4'C,,,200mL,liquid,,,Ref #3
Chemical,CHM-0209,sigma,Hesperetin,H4125,4'C,,,1g,solid,,,Ref #4
Chemical,CHM-0210,sigma,Hexadimethrine bromide,H9268,4'C,,,10g,solid,,,Ref #4
Chemical,CHM-0211,iNtRON,iN-fect (in vitro Transfection reagent),15081,4'C,,,500uL,liquid,,,Ref #3
Chemical,CHM-0212,sigma,Indole-3-carbinol,I7256,4'C,,,1g,solid,,,Ref #4
Chemical,CHM-0213,sigma,Iodonitrotetrazolium chloride,I10406,4'C,,2014.04.30,1g,solid,,,Ref #4
Chemical,CHM-0214,sigma,Krebs-Henseleit Buffer Modified,K3753-10x1L,4'C,,,1L,liquid,,,Ref #4
Chemical,CHM-0215,Sigma,L-Glutamic acid,G6133,4'C,,2010.07.20,1g,solid,,,Ref #4
Chemical,CHM-0216,sigma,L-glutathione oxidized,G6654,4'C,,,250mg; 1g,solid,,,Ref #4
Chemical,CHM-0217,sigma,L-glutathione reduced,G4251,4'C,,,10g,solid,,,Ref #4
Chemical,CHM-0218,sigma,Lipopolysaccharides from Escherichia coli,L3129,4'C,,,10mg,solid,,,Ref #4
Chemical,CHM-0219,sigma,Liquified Phenol,P9346,4'C,,,100mL,liquid,,,Ref #4
Chemical,CHM-0220,chemFaces,Lithospermic acid,CFN98546,4'C,,,20mg,solid,,,Ref #4
Chemical,CHM-0221,sigma,Madecassoside from Centella asiatica,M6949,4'C,,,10mg,solid,,,Ref #4
Chemical,CHM-0222,sigma,Matairesinol,40043,4'C,,,5mg,solid,,,Ref #4
Chemical,CHM-0223,chemFaces,Methyl rosmarineate,CFN97567,4'C,,,10mg,solid,,,Ref #4
Chemical,CHM-0224,sigma,"Methyl vanillate, Kosher",W510319,4'C,,2014.12.02,25g,solid,,,Ref #3
Chemical,CHM-0225,Hps,Multi Element IC Cation Std,IC-4,4'C,,,250mL,liquid,,,Ref #3
Chemical,CHM-0226,Hps,Multi Element IC Std 1 Solution A,IC-1,4'C,,,100mL,liquid,,,Ref #4
Chemical,CHM-0227,sigma,N-Acetyl-L-cysteine,A7250,4'C,,,5g; 10g,solid,,,Ref #3
Chemical,CHM-0228,sigma,Neochlorogenic acid,94419,4'C,,,10mg,solid,,,Ref #4
Chemical,CHM-0229,Santa Cruz,Neomycin sulfate,sc-3573A,4'C,,,5g,solid,,,Ref #4
Chemical,CHM-0230,sigma,Ninhydrin Reagent (2% solution),N7285,4'C,,,100mL,liquid,,,Ref #3
Chemical,CHM-0231,sigma,Nitro Blue Tetrazolium Tablet,N5514-10TAB,4'C,,,10mg (each tablet),solid,,,Ref #4
Chemical,CHM-0232,LKT laboratory,oltipraz,O4578,4'C,,2009.09.17,500mg,solid,,,Ref #4
Chemical,CHM-0233,sigma,Orlistat,O4139,4'C,,,100mg,solid,,,Ref #4
Chemical,CHM-0234,sigma,Palmitic acid,P0500,4'C,,2011.11.15,25g,solid,,,Ref #4
Chemical,CHM-0235,sigma,Paraformaldehyde,16005,4'C,,2010.03.26  2008.11.20,1kg; 500g,solid,,,Ref #3
Chemical,CHM-0236,sigma,Phenethyl isothiocyanate,253731,4'C,,2012.11.29,5g,liquid,,,Ref #4
Chemical,CHM-0237,sigma,Phenol solution,P4557,4'C,,,100mL,liquid,,,Ref #4
Chemical,CHM-0238,sigma,Piroxicam,P5654,4'C,,,1g,solid,,,Ref #4
Chemical,CHM-0239,Bio-rad,proline Universal Calibration Beads,1451086,4'C,,,5mL,liquid,,,Ref #4
Chemical,CHM-0240,sigma,Propidium iodide,P4170; 287075,4'C,,,25mg; 100mg,solid,,,Ref #4
Chemical,CHM-0241,Millipore (sigma),Protein A agarose_ Salmon Sperm DNA,16-157,4'C,,,2.5mL,liquid,,,Ref #3
Chemical,CHM-0242,Bio-Rad,Protein assay Dye reagent concentrated,5000006,4'C,,2020.01.28,450mL,liquid,,,Ref #3
Chemical,CHM-0243,NEXTflex,Rapid Directional mRNA-Seq Bundle,5138-10,4'C,,,,,,,Ref #4
Chemical,CHM-0244,GeneAll,RiboEx (RNA isolation solution),301-902,4'C,,2021.12.17,100mL,liquid,,,Ref #4
Chemical,CHM-0245,Thermo scientific,RIPA buffer,89900,4'C,,2021.07.03,100mL; 250mL,liquid,,,Ref #3
Chemical,CHM-0246,Takara,RNAiso plus,9109,4'C,,,200mL,liquid,,,Ref #4
Chemical,CHM-0247,(Cytiva)Biacore,Sensor chip CM5,BR-1000-14,4'C,,,,,,,Ref #3
Chemical,CHM-0248,aldrich (sigma),Sodium Sulfide,407410,4'C,,,10g,solid,,,Ref #3
Chemical,CHM-0249,sigma,SP600125,S5567,4'C,,2019.12.16,10mg,solid,,,Ref #3
Chemical,CHM-0250,sigma,Sperimidine,S0266,4'C,,,1g,solid,,,Ref #4
Chemical,CHM-0251,Thermo scientific,Strepavidin Agarose Resin,20347,4'C,,,2mL,liquid,,,Ref #3
Chemical,CHM-0252,Thermo scientific (applied biosystems),SYBR Green Master Mix,A25742,4'C,,,5mL; 1mL,liquid,,,Ref #3
Chemical,CHM-0253,sigma,"Tamoxifen, Minimum",T5648,4'C,,2007.01.31,1g,solid,,,Ref #4
Chemical,CHM-0254,Fluka,Taxifolin,78666,4'C,,2014.12.02,25mg,solid,,,Ref #4
Chemical,CHM-0255,sigma,Temozolomide,T2577,4'C,,,25mg,solid,,,Ref #3
Chemical,CHM-0256,sigma,"Tert-Butyl hydroperoxide, T-Hydro solution, 70wt",458139,4'C,,2009.06.11,1L,liquid,,,Ref #4
Chemical,CHM-0257,sigma,Theobromine,42993,4'C,,,100mg,solid,,,Ref #4
Chemical,CHM-0258,sigma,Theophylline,PHR1023,4'C,,,1g,solid,,,Ref #4
Chemical,CHM-0259,sigma,Thiazolyl Blue Tetrazolium Bromide,M2128,4'C,,,1g,solid,,,Ref #3
Chemical,CHM-0260,sigma,trans-Ferulic acid,128708,4'C,,2014.12.02,5g,solid,,,Ref #3
Chemical,CHM-0261,CALBIOCHEM,Trolox,648471,4'C,,,500mg,solid,,,Ref #4
Chemical,CHM-0262,sigma,Ursolic acid,U6753,4'C,,,100mg,solid,,,Ref #4
Chemical,CHM-0263,Fluka (SIGMA),Vanillic acid,94770,4'C,,2014.12.02,10g,solid,,,Ref #3
Chemical,CHM-0264,Vector,Vectashield (mounting medium with DAPI),H-1200,4'C,,,10mL,liquid,,,Ref #3
Chemical,CHM-0265,sigma,β-Glycerol phosphate disodium salt pentahydrate,50020,4'C,,2019.02.27,100g,solid,,,Ref #4
Chemical,CHM-0266,sigma,"β-Naphthoflavone, 90-95%",N3633,4'C,,,1g,solid,,,Ref #4
Chemical,CHM-0267,Welgene,DMEM high glucose,LM 001-05,4'C,,,500mL,liquid,,,Ref #6
Chemical,CHM-0268,Cytiva,DMEM high glucose,SH30243.01,4'C,,,500mL,liquid,,,Ref #6
Chemical,CHM-0269,Gibco,DMEM / F12 (1:1),11320-033,4'C,,,500mL,liquid,,,Ref #6
Chemical,CHM-0270,Gibco,Neurobasal medum,21103-049,4'C,,,500mL,liquid,,,Ref #6
Chemical,CHM-0271,Elabscience,Hydroxyproline colorimetric assay kit,E-BC-K062-S,4'C,,,kit,liquid,,,Ref #6
Chemical,CHM-0272,Elabscience,Alanin Aminotransferase colorimetric assay kit,E-BC-K235-S,4'C,,,kit,liquid,,,Ref #6
Chemical,CHM-0273,Elabscience,Aspartate Aminotransferase (AST/GOT) Activity Assay Kit,E-BC-K236-M,4'C,,,kit,liquid,,,Ref #6
Chemical,CHM-0274,Cytiva,MEM/EBSS,SH30024.01,4'C,,,500mL,liquid,,,Ref #6
Chemical,CHM-0275,Welgene,MEM,LM 007-12,4'C,,,500mL,liquid,,,Ref #6
Chemical,CHM-0276,Welgene,Alpha MEM,LM 008-53,4'C,,,500mL,liquid,,,Ref #6
Chemical,CHM-0277,Welgene,IMDM,LM 004-02,4'C,,,500mL,liquid,,,Ref #6
Chemical,CHM-0278,Cytiva,RPMI-1640 Medium,SH 30027.01,4'C,,,500mL,liquid,,,Ref #6
Chemical,CHM-0279,Welgene,DPBS,LB 001-02,4'C,,,500mL,liquid,,,Ref #6
Chemical,CHM-0280,Lonza,EGM-2,CC-3162,4'C,,,500mL,liquid,,,Ref #6
Chemical,CHM-0281,Cayman,(−)-Deguelin,10010706,-20'C,,,10mg,solid,,,Fridge #5
Chemical,CHM-0282,sigma,(L)-Dehydroascorbic acid,261556,-20'C,,,250mg,solid,,,Fridge #7
Chemical,CHM-0283,Sigma,"1α,25-Dihydroxyvitamin D3",D1530,-20'C,,,10ug,solid,,,Fridge #5
Chemical,CHM-0284,sigma,3-Isobutyl-1-methylxanthine,I5879,-20'C,,,250mg,solid,,,Fridge #7
Chemical,CHM-0285,SCBT,"3,3′-Diindolylmethane",SC-204624,-20'C,,,500mg,solid,,,Fridge #5
Chemical,CHM-0286,SCBT,4'-Bromoflavone,SC-220999,-20'C,,,1g,solid,,,Fridge #5
Chemical,CHM-0287,Sigma,9-cis-Retinoic acid,R4643,-20'C,,,1mg,solid,,,Fridge #5
Chemical,CHM-0288,Sigma,Adenosine 5′-triphosphate disodium salt hydrate,A2383,-20'C,,,1g,solid,,,Fridge #5
Chemical,CHM-0289,BioVision,"ADP/ATP Ratio Bioluminescence Assay Kit, ApoSENSOR",K255-200,-20'C,,,1 kit,liquid,,,Fridge #5
Chemical,CHM-0290,BioVision,Alanine Aminotransferase (ALT or SGPT) Activity Colorimetric/Fluorometric Assay Kit,K752-100,-20'C,,,2 kit,liquid,,,Fridge #5
Chemical,CHM-0291,BioVision,Alcohol Dehydrogenase Activity Colorimetric Assay Kit,K787-100,-20'C,,,1 kit,liquid,,,Fridge #5
Chemical,CHM-0292,BioVision,Aldehyde Dehydrogenase Activity Colorimetric Assay Kit,K731-100,-20'C,,,1 kit,liquid,,,Fridge #5
Chemical,CHM-0293,SCBT,ALLM (Calpain Inhibitor),SC-201268,-20'C,,,5mg,solid,,,Fridge #5
Chemical,CHM-0294,Santa cruz,Ampicillin,sc-210812C,-20'C,,,25g,solid,,,Fridge #7
Chemical,CHM-0295,BioVision,Aspartate Aminotransferase (AST or SGOT) Activity Colorimetric Assay Kit,K753-100,-20'C,,,1 kit,liquid,,,Fridge #5
Chemical,CHM-0296,AdooQ,Betanin,A10132,-20'C,,,100mg,solid,,,Fridge #5
Chemical,CHM-0297,Thermo Scientific,"Calcein, AM",C3100MP,-20'C,,,1 kit,solid,,,Fridge #5
Chemical,CHM-0298,ALB Technology,Cichoric Acid,70831-56-0,-20'C,,,20mg,solid,,,Fridge #5
Chemical,CHM-0299,Sigma,Citrate Synthase Activity Assay Kit,MAK193,-20'C,,,1 kit,solid,,,Fridge #5
Chemical,CHM-0300,sigma,Collagenase from Clostridium histolyticum,C9891-500MG,-20'C,,,500mg,solid,,,Fridge #7
Chemical,CHM-0301,Sigma,"Collagenase, from Clostridium histolyticum",C9891,-20'C,,,500mg,solid,,,Fridge #5
Chemical,CHM-0302,BioVision,Creatinine Colorimetric/Fluorometric Assay Kit,K625-100,-20'C,,,1 kit,liquid,,,Fridge #5
Chemical,CHM-0303,Sigma,Curcumin,C1386,-20'C,,,5g,solid,,,Fridge #5
Chemical,CHM-0304,Tocris,DPN,1494,-20'C,,,10mg,solid,,,Fridge #5
Chemical,CHM-0305,Promega,Dual-Luciferase® Reporter Assay System,E1960,-20'C,,,1 kit,liquid,,,Fridge #5
Chemical,CHM-0306,sigma,Ellagic acid,E2250,-20'C,,,1g,solid,,,Fridge #2
Chemical,CHM-0307,Sigma,Fisetin,F4043,-20'C,,,100mg,solid,,,Fridge #5
Chemical,CHM-0308,SCBT,Garcinol,SC-200891,-20'C,,,10mg,solid,,,Fridge #5
Chemical,CHM-0309,Sigma,Genistein,G6649,-20'C,,,25mg,solid,,,Fridge #5
Chemical,CHM-0310,EXTRASYNTHESE,Glucotropaeolin potassium salt,2510S,-20'C,,,10mg,solid,,,Fridge #5
Chemical,CHM-0311,extrasynthese,Glucotropaeolin potassium salt,2510 S,-20'C,,,10mg,solid,,,Fridge #2
Chemical,CHM-0312,invitrogen,H2DCFDA,1846926,-20'C,,,100mg,solid,,,Fridge #7
Chemical,CHM-0313,Sigma,Human MMP-1 ELISA Kit,RAB0361,-20'C,,,1 kit,solid,,,Fridge #5
Chemical,CHM-0314,Thermo Scientific,Human MMP-1 ELISA Kit,EHMMP-1,-20'C,,,1 kit,liquid,,,Fridge #5
Chemical,CHM-0315,BioVision,Hydroxyproline Assay Kit (Perchlorate-Free),K226-100,-20'C,,,1 kit,liquid,,,Fridge #5
Chemical,CHM-0316,sigma,Insulin from bovine pancreas,I6634,-20'C,,,100mg,solid,,,Fridge #7
Chemical,CHM-0317,BioVision,"Lipid Peroxidation (MDA) Colorimetric, Fluorometric Assay Kit",K739-100,-20'C,,,2 kit,liquid,,,Fridge #5
Chemical,CHM-0318,fluka,Metformin hydrochloride,PHR1084-500MG,-20'C,,,500mg,solid,,,Fridge #7
Chemical,CHM-0319,Thermo Scientific,Metronidazole,H6025814,-20'C,,,25g,solid,,,Fridge #7
Chemical,CHM-0320,RayBio,Mouse PAI-1 ELISA,ELM-PAI-1,-20'C,,,1 kit,liquid,,,Fridge #5
Chemical,CHM-0321,Cayman,Myricetin,10012600,-20'C,,,50mg,solid,,,Fridge #5
Chemical,CHM-0322,Santa cruz,Neomycin sulfate,sc-3573,-20'C,,,5g,solid,,,Fridge #7
Chemical,CHM-0323,holzel,Obeticholic acid,HY-12222-200mg,-20'C,,,200mg,solid,,,Fridge #2
Chemical,CHM-0324,sigma,Oleic acid,O1383,-20'C,,,1g,solid,,,Fridge #2
Chemical,CHM-0325,Cayman,Parthenolide,70080,-20'C,,,50mg,solid,,,Fridge #5
Chemical,CHM-0326,Promega,pGL3-Basic Vector,E175A,-20'C,,,20ug,solid,,,Fridge #5
Chemical,CHM-0327,Sigma,Phosphatase substrate,P4744,-20'C,,,5g,solid,,,Fridge #5
Chemical,CHM-0328,sigma,Progesterone,P0130-25G,-20'C,,,25g,solid,,,Fridge #7
Chemical,CHM-0329,Cayman,Prostaglandin D2 ELISA Kit,512031,-20'C,,,1 kit,liquid,,,Fridge #5
Chemical,CHM-0330,sigma,Protease Inhibitor Cocktail,P8340,-20'C,,,5mL,liquid,,,Fridge #2
Chemical,CHM-0331,Cayman,Rapamycin,13346,-20'C,,,1mg,solid,,,Fridge #5
Chemical,CHM-0332,ORF,Recombinant TNF alpha,IK2600,-20'C,,,10ug,solid,,,Fridge #5
Chemical,CHM-0333,Sigma,"Ribonuclease A, from bovine pancreas",R4875,-20'C,,,100mg,solid,,,Fridge #5
Chemical,CHM-0334,Cayman,ROS Detection Cell-Based Assay Kit (DCFDA),601520,-20'C,,,1 kit,liquid,,,Fridge #5
Chemical,CHM-0335,sigma,Silymarin,S0292-10G,-20'C,,,10g,solid,,,Fridge #7
Chemical,CHM-0336,sigma,Sulfatase from Helix pomatia,S9626,-20'C,,,10ku,solid,,,Fridge #2
Chemical,CHM-0337,TaKaRa,TaKaRa MiniBEST Plant RNA Extraction Kit,9769S,-20'C,,,2 kit,solid,,,Fridge #5
Chemical,CHM-0338,BioVision,Total Cholesterol and Cholesteryl Ester Colorimetric Assay Kit II,K623-100,-20'C,,,1 kit,liquid,,,Fridge #5
Chemical,CHM-0339,BioVision,Total Cholesterol and Cholesteryl Ester Colorimetric/ Fluorometric Assay Kit,K603-100,-20'C,,,1 kit,liquid,,,Fridge #5
Chemical,CHM-0340,chemfaces,Turmeronol-A,CFS201801,-20'C,,,5mg,solid,,,Fridge #7
Chemical,CHM-0341,BioVision,Urea Colorimetric Assay Kit,K375-100,-20'C,,,1 kit,liquid,,,Fridge #5
Chemical,CHM-0342,alfa aesar,Vancomycin hydrochloride,J62790,-20'C,,,1g,solid,,,Fridge #7
Chemical,CHM-0343,Sigma,Z-Leu-Leu-Leu-al,C2211,-20'C,,,5mg,solid,,,Fridge #5
Chemical,CHM-0344,Sigma,β-Carotene,C9750,-20'C,,,5g,solid,,,Fridge #5
Chemical,CHM-0345,sigma,β-Estradiol,E2758-250MG,-20'C,,,250mg,solid,,,Fridge #7
Chemical,CHM-0346,Sigma,"β-Nicotinamide adenine dinucleotide phosphate, reduced tetra(cyclohexylammonium) salt",N5130,-20'C,,,25mg,solid,,,Fridge #5
Chemical,CHM-0347,Lonza,Reagent Pack for HUVEC,CC-5034,-20'C,,,100 mL,liquid,,,Fridge #5
Chemical,CHM-0348,Gibco,FBS,10082147,-20'C,,,500mL,liquid,,,Fridge #1
Chemical,CHM-0349,Corning,FBS,35015169,-20'C,,,50 mL,liquid,,,4층 세포실
Chemical,CHM-0350,Cytiva,Penicillin-streptomycin solution,SH40003.01,-20'C,,,100 mL,liquid,,,4층 세포실
Chemical,CHM-0351,Welgene,"Cell freezing medium-dmso, 1x",FM 001-01,-20'C,,,100 mL,liquid,,,4층 세포실
Chemical,CHM-0352,Gibco,"0.25% trypsin-EDTA, 1x",25200-056,-20'C,,,100 mL,liquid,,,4층 세포실
Chemical,CHM-0353,Welgene,Trypsin-EDTA,LS 015-01,-20'C,,,500mL,liquid,,,4층 세포실
Antibody,AB-0001,Cell signaling technology,p27 Kip1 (D37H1) Rabbit mAb,3688S,-20'C,CST #1,,,,27,,
Antibody,AB-0002,Cell signaling technology,Cyclin A2 (BF683) Mouse mAb,4656S,-20'C,CST #1,,,,55,,
Antibody,AB-0003,Cell signaling technology,Cyclin D1 Antibody,2922S,-20'C,CST #1,,,,36,,
Antibody,AB-0004,Cell signaling technology,Cyclin B1 (V152) Mouse mAb,4135S,-20'C,CST #1,,,,55,,
Antibody,AB-0005,Cell signaling technology,Cleaved Caspase-9 (Asp315) Antibody,9505S,-20'C,CST #1,,,,35,,
Antibody,AB-0006,Cell signaling technology,cdc25C (5H9) Rabbit mAb,4688,-20'C,CST #1,,,,"60, 75",,
Antibody,AB-0007,Cell signaling technology,Phospho-CDK2 (Thr160) Antibody,2561S,-20'C,CST #1,,,,33,,
Antibody,AB-0008,Cell signaling technology,Phospho-cdc25C (Ser216) (63F9) Rabbit mAb,4901S,-20'C,CST #1,,,,60,,
Antibody,AB-0009,Cell signaling technology,cdc2 Antibody,9112,-20'C,CST #1,,,,34,단종,단종
Antibody,AB-0010,Cell signaling technology,cdc25A Antibody,3652,-20'C,CST #1,,,,70,단종,단종
Antibody,AB-0011,Cell signaling technology,CDK4 (DCS156) Mouse mAb,2906,-20'C,CST #1,,,,30,단종,단종
Antibody,AB-0012,Cell signaling technology,Phospho-cdc2 (Tyr15) (10A11) Rabbit mAb,4539,-20'C,CST #1,,,,34,,
Antibody,AB-0013,Cell signaling technology,p53 Antibody,9282,-20'C,CST #1,,,,53,,
Antibody,AB-0014,Cell signaling technology,Phospho-p53 (Ser46) Antibody,2521S,-20'C,CST #1,,,,53,,
Antibody,AB-0015,Cell signaling technology,Rb (4H1) Mouse mAb,9309S,-20'C,CST #1,,,,110,,
Antibody,AB-0016,Cell signaling technology,E2F-1 Antibody,3742,-20'C,CST #1,,,,70,,
Antibody,AB-0017,Cell signaling technology,Phospho-p53 (Ser15) (16G8) Mouse mAb,9286S,-20'C,CST #1,,,,53,,
Antibody,AB-0018,Cell signaling technology,Phospho-ATM (Ser1981) (D25E5) Rabbit mAb,13050S,-20'C,CST #1,,,,350,,
Antibody,AB-0019,Cell signaling technology,ATR Antibody,2790,-20'C,CST #1,,,,300,,
Antibody,AB-0020,Cell signaling technology,ATM (D2E2) Rabbit mAb,2873S,-20'C,CST #1,,,,350,,
Antibody,AB-0021,Cell signaling technology,AMPKα Antibody,2532S,-20'C,CST #2,,,,62,,
Antibody,AB-0022,Cell signaling technology,Phospho-AMPKα (Thr172) (40H9) Rabbit mAb,2535S,-20'C,CST #2,,,,62,,
Antibody,AB-0023,Cell signaling technology,PGC-1α (3G6) Rabbit mAb,2178S,-20'C,CST #2,,,,130,,
Antibody,AB-0024,Cell signaling technology,C/EBPα Antibody,2295S,-20'C,CST #2,,,,"42, 28",,
Antibody,AB-0025,Cell signaling technology,SREBP-1 (E9F4O) Rabbit mAb,95879S,-20'C,CST #2,,,,"60-70, 125",,
Antibody,AB-0026,Cell signaling technology,Fatty Acid Synthase (C20G5) Rabbit mAb,3180S,-20'C,CST #2,,,,273,,
Antibody,AB-0027,Cell signaling technology,Phospho-Acetyl-CoA Carboxylase (Ser79) Antibody,3661S,-20'C,CST #2,,,,280,,
Antibody,AB-0028,Cell signaling technology,Caspase-9 (C9) Mouse mAb,9508S,-20'C,CST #2,,,,47/37/35 (H). 49/39/37 (M). 51/40/38 (R).,,
Antibody,AB-0029,Cell signaling technology,p53 (1C12) Mouse mAb,2524S,-20'C,CST #2,,,,53,,
Antibody,AB-0030,Cell signaling technology,Phospho-MLKL (Ser345) (D6E3G) Rabbit mAb,37333S,-20'C,CST #2,,,,54,,
Antibody,AB-0031,Cell signaling technology,C/EBPα Antibody,2295S,-20'C,CST #2,,,,"42, 28",,
Antibody,AB-0032,Cell signaling technology,TNF-α Antibody,3707S,-20'C,CST #2,,,,17 mature. 25 precursor.,,
Antibody,AB-0033,Cell signaling technology,Acetyl-CoA Carboxylase (C83B10) Rabbit mAb,3676S,-20'C,CST #2,,,,280,,
Antibody,AB-0034,Cell signaling technology,NRF2 (D1Z9C) XP® Rabbit mAb,12721S,-20'C,CST #2,,,,97-100,,
Antibody,AB-0035,Cell signaling technology,RIP (D94C12) XP® Rabbit mAb,3493S,-20'C,CST #2,,,,78,,
Antibody,AB-0036,Cell signaling technology,Cleaved Caspase-9 (Asp315) Antibody,9505S,-20'C,CST #1,,,,35,,
Antibody,AB-0037,Cell signaling technology,CrkII Antibody,3492,-20'C,CST #2,,,,42,단종,단종
Antibody,AB-0038,Cell signaling technology,NF-κB p65 (L8F6) Mouse mAb,6956S,-20'C,CST #2,,,,65,,
Antibody,AB-0039,Cell signaling technology,Toll-like Receptor 4 (D8L5W) Rabbit mAb,14358S,-20'C,CST #2,,,,100-135,,
Antibody,AB-0040,Cell signaling technology,NOS (pan) Antibody,2977S,-20'C,CST #2,250904 없음,,,"130, 140, 160",,
Antibody,AB-0041,Cell signaling technology,IL-1β (3A6) Mouse mAb,12242S,-20'C,CST #2,,,,"17, 31",,
Antibody,AB-0042,Cell signaling technology,p38 MAPK Antibody,9212S,-20'C,CST #2,,,,40,,
Antibody,AB-0043,Cell signaling technology,Phospho-p38 MAPK (Thr180/Tyr182) Antibody,9211S,-20'C,CST #2,,,,43,,
Antibody,AB-0044,Cell signaling technology,Phospho-IκBα (Ser32) (14D4) Rabbit mAb,2859S,-20'C,CST #2,,,,40,,
Antibody,AB-0045,Cell signaling technology,Phospho-NF-κB p65 (Ser536) (93H1) Rabbit mAb,3033S,-20'C,CST #2,,,,65,,
Antibody,AB-0046,Cell signaling technology,Phospho-NF-κB p65 (Ser536) (93H1) Rabbit mAb,3033S,-20'C,CST #2,,,,65,,
Antibody,AB-0047,Cell signaling technology,Phospho-IκBα (Ser32) (14D4) Rabbit mAb,2859S,-20'C,CST #2,,,,40,,
Antibody,AB-0048,Cell signaling technology,Phospho-IKKα/β (Ser176/180) (16A6) Rabbit mAb,2697S,-20'C,CST #2,,,,85 IKK-alpha 87 IKK-beta,,
Antibody,AB-0049,Cell signaling technology,Phospho-IKKα/β (Ser176/180) (16A6) Rabbit mAb,2697S,-20'C,CST #2,,,,85 IKK-alpha 87 IKK-beta,,
Antibody,AB-0050,Cell signaling technology,KEAP1 (D1G10) Rabbit mAb,7705S,-20'C,CST #2,,,,60-64,,
Antibody,AB-0051,Cell signaling technology,KEAP1 (P586) Antibody,4678S,-20'C,CST #2,,,,60-64,,
Antibody,AB-0052,Cell signaling technology,KEAP1 (H436) Antibody,4617,-20'C,CST #2,,,,60-64,단종,단종
Antibody,AB-0053,Cell signaling technology,PLCγ1 Antibody,2822S,-20'C,CST #2,,,,155,,
Antibody,AB-0054,Cell signaling technology,Oct-4A (C30A3) Rabbit mAb,2840S,-20'C,CST #2,,,,45,,
Antibody,AB-0055,Cell signaling technology,Oct-4A (C30A3) Rabbit mAb,2840S,-20'C,CST #2,,,,45,,
Antibody,AB-0056,Cell signaling technology,EpCAM (D1B3) Rabbit mAb,2626S,-20'C,CST #2,,,,40,,
Antibody,AB-0057,Cell signaling technology,Glut4 (1F8) Mouse mAb,2213S,-20'C,CST #2,,,,50,,
Antibody,AB-0058,Cell signaling technology,Cytochrome c Antibody,4272S,-20'C,CST #2,,,,14,,
Antibody,AB-0059,Cell signaling technology,Nanog Antibody,3580S,-20'C,CST #2,,,,42,,
Antibody,AB-0060,Cell signaling technology,MRP1/ABCC1 (D7O8N) Rabbit mAb,14685S,-20'C,CST #2,,,,170-220,,
Antibody,AB-0061,Cell signaling technology,MDR1/ABCB1 (D3H1Q) Rabbit mAb,12683S,-20'C,CST #2,,,,130-180,,
Antibody,AB-0062,Cell signaling technology,NQO1 (A180) Mouse mAb,3187S,-20'C,CST #2,,,,29,,
Antibody,AB-0063,Cell signaling technology,SOD1 (E4G1H) XP® Rabbit mAb,37385S,-20'C,CST #2,,,,16-18,,
Antibody,AB-0064,Cell signaling technology,HO-1 (E3F4S) Rabbit mAb,43966S,-20'C,CST #2,,,,28,,
Antibody,AB-0065,Cell signaling technology,Phospho-SMAD2 (Ser465/467)/SMAD3 (Ser423/425) (D27F4) Rabbit mAb,8828S,-20'C,CST #2,,,,"52, 60",,
Antibody,AB-0066,Cell signaling technology,Tuberin/TSC2 (D57A9) Rabbit mAb,3990S,-20'C,CST #2,,,,200,,
Antibody,AB-0067,Cell signaling technology,Phospho-Tuberin/TSC2 (Ser1387) Antibody,5584S,-20'C,CST #2,,,,200,,
Antibody,AB-0068,Cell signaling technology,Estrogen Receptor α (62A3) Mouse mAb,2512,-20'C,CST #2,,,,66,단종,단종
Antibody,AB-0069,Cell signaling technology,Estrogen Receptor β Antibody,5513,-20'C,CST #2,,,,"52, 55, 63",단종,단종
Antibody,AB-0070,Cell signaling technology,Lamin B1 (D9V6H) Rabbit mAb,13435,-20'C,CST #2,,,,"68,45",,
Antibody,AB-0071,Cell signaling technology,Phospho-PLCγ1 (Tyr783) Antibody,2821S,-20'C,CST #3,,,,155,,
Antibody,AB-0072,Cell signaling technology,Phospho-ULK1 (Ser757) Antibody,6888S,-20'C,CST #3,,,,140-150,,
Antibody,AB-0073,Cell signaling technology,Phospho-ULK1 (Ser555) (D1H4) Rabbit mAb,5869S,-20'C,CST #3,,,,140-150,,
Antibody,AB-0074,Cell signaling technology,Phospho-PKD/PKCμ (Ser916) Antibody,2051S,-20'C,CST #3,,,,115,,
Antibody,AB-0075,Cell signaling technology,Phospho-SMAD1/5 (Ser463/465) (41D10) Rabbit mAb,9516S,-20'C,CST #3,,,,60,,
Antibody,AB-0076,Cell signaling technology,Phospho-SMAD1 (Ser206) (D40B7) Rabbit mAb,5753T,-20'C,CST #3,,,,60,,
Antibody,AB-0077,Cell signaling technology,Phospho-GSK-3β (Ser9) (5B3) Rabbit mAb,9323S,-20'C,CST #3,,,,46,,
Antibody,AB-0078,Cell signaling technology,Beclin-1 Antibody,3738S,-20'C,CST #3,,,,60,,
Antibody,AB-0079,Cell signaling technology,Phospho-Syk (Tyr525/526) Antibody,2711S,-20'C,CST #3,,,,72,,
Antibody,AB-0080,Cell signaling technology,Phospho-Lyn (Tyr507) Antibody,2731S,-20'C,CST #3,,,,"53, 56",,
Antibody,AB-0081,Cell signaling technology,Phospho-p70 S6 Kinase (Ser371) Antibody,9208S,-20'C,CST #3,,,,"70, 85",,
Antibody,AB-0082,Cell signaling technology,Phospho-PI3 Kinase p85 (Tyr458)/p55 (Tyr199) Antibody,4228S,-20'C,CST #3,,,,"60, 85",,
Antibody,AB-0083,Cell signaling technology,Phospho-SMAD2 (Ser465/467)/SMAD3 (Ser423/425) (D27F4) Rabbit mAb,8828S,-20'C,CST #2,,,,"52, 60",,
Antibody,AB-0084,Cell signaling technology,Phospho-c-Jun (Ser73) (D47G9) XP® Rabbit mAb,3270S,-20'C,CST #3,,,,48,,
Antibody,AB-0085,Cell signaling technology,c-Jun (60A8) Rabbit mAb,9165S,-20'C,CST #3,,,,"43, 48",,
Antibody,AB-0086,Cell signaling technology,Phospho-IRS-1 (Ser307) Antibody,2381S,-20'C,CST #3,,,,180,,
Antibody,AB-0087,Cell signaling technology,GSK-3β (27C10) Rabbit mAb,9315S,-20'C,CST #3,,,,46,,
Antibody,AB-0088,Cell signaling technology,β-Catenin (6B3) Rabbit mAb,9582S,-20'C,CST #3,,,,92,,
Antibody,AB-0089,Cell signaling technology,SMAD1 (D59D7) XP® Rabbit mAb,6944T,-20'C,CST #3,,,,60,,
Antibody,AB-0090,Cell signaling technology,Phospho-PKC (pan) (βII Ser660) Antibody,9371,-20'C,CST #3,,,,"78, 80, 82, 85",,
Antibody,AB-0091,Cell signaling technology,Phospho-PKCα/β II (Thr638/641) Antibody,9375,-20'C,CST #3,,,,"80, 82",,
Antibody,AB-0092,Cell signaling technology,Phospho-LKB1 (Ser428) (C67A3) Rabbit mAb,3482S,-20'C,CST #3,,,,54,,
Antibody,AB-0093,Cell signaling technology,Phospho-LKB1 (Ser428) (C67A3) Rabbit mAb,3482S,-20'C,CST #3,,,,54,,
Antibody,AB-0094,Cell signaling technology,Phospho-p44/42 MAPK (Erk1/2) (Thr202/Tyr204) Antibody,9101S,-20'C,CST #3,,,,"42, 44",,
Antibody,AB-0095,Cell signaling technology,IκBα Antibody,9242L,-20'C,CST #3,,,,39,,
Antibody,AB-0096,Cell signaling technology,IκBα Antibody,9242L,-20'C,CST #3,,,,39,,
Antibody,AB-0097,Cell signaling technology,EGF Receptor (D38B1) XP® Rabbit mAb,4267S,-20'C,CST #3,,,,175,,
Antibody,AB-0098,Cell signaling technology,BID Antibody,2002S,-20'C,CST #3,,,,"15, 22",,
Antibody,AB-0099,Cell signaling technology,PKCα Antibody,2056,-20'C,CST #3,,,,80,,
Antibody,AB-0100,Cell signaling technology,SMAD2/3 Antibody,5678S,-20'C,CST #3,25.11.04 op,,,"52, 60",남윤성,
Antibody,AB-0101,Cell signaling technology,p44/42 MAPK (Erk1/2) Antibody,9102S,-20'C,CST #3,,,,"42, 44",,
Antibody,AB-0102,Cell signaling technology,PKD/PKCμ Antibody,2052S,-20'C,CST #3,,,,115,단종,단종
Antibody,AB-0103,Cell signaling technology,Fetuin A (F180) Antibody,5258S,-20'C,CST #3,,,,45-50,,
Antibody,AB-0104,Cell signaling technology,Non-phospho (Active) β-Catenin (Ser33/37/Thr41) (D13A1) Rabbit mAb,8814S,-20'C,CST #3,,,,92,,
Antibody,AB-0105,Cell signaling technology,SMAD5 (D4G2) Rabbit mAb,12534T,-20'C,CST #3,,,,60,,
Antibody,AB-0106,Cell signaling technology,SMAD4 (D3M6U) Rabbit mAb,38454T,-20'C,CST #3,,,,70,,
Antibody,AB-0107,Cell signaling technology,LKB1 (27D10) Rabbit mAb,3050S,-20'C,CST #3,,,,54,,
Antibody,AB-0108,Cell signaling technology,LKB1 (27D10) Rabbit mAb,3050S,-20'C,CST #3,,,,54,,
Antibody,AB-0109,Cell signaling technology,NCoR1 Antibody,5948S,-20'C,CST #3,,,,270,,
Antibody,AB-0110,Cell signaling technology,Fetuin A (F180) Antibody,5258S,-20'C,CST #3,,,,45-50,,
Antibody,AB-0111,Cell signaling technology,Non-phospho (Active) β-Catenin (Ser33/37/Thr41) (D13A1) Rabbit mAb,8814S,-20'C,CST #3,,,,92,,
Antibody,AB-0112,Cell signaling technology,SCD1 (M38) Antibody,2438S,-20'C,CST #3,,,,37,,
Antibody,AB-0113,Cell signaling technology,SMRT (D8D2L) Rabbit mAb,62370S,-20'C,CST #3,,,,270,,
Antibody,AB-0114,Cell signaling technology,Syk Antibody,2712S,-20'C,CST #3,,,,72,,
Antibody,AB-0115,Cell signaling technology,Phospho-Akt (Thr308) Antibody,9275S,-20'C,CST #3,,,,60,,
Antibody,AB-0116,Cell signaling technology,Phospho-SMAD2 (Ser465/467)/SMAD3 (Ser423/425) (D27F4) Rabbit mAb,8828S,-20'C,CST #2,,,,"52, 60",,
Antibody,AB-0117,Cell signaling technology,HIF-1α Antibody,3716S,-20'C,CST #3,,,,120,,
Antibody,AB-0118,Cell signaling technology,HIF-1α (D2U3T) Rabbit mAb,14179S,-20'C,CST #3,,,,120,,
Antibody,AB-0119,Cell signaling technology,SGK2 (D7G1) Rabbit mAb,7499S,-20'C,CST #3,,,,42,,
Antibody,AB-0120,Cell signaling technology,IRS-1 Antibody,2382S,-20'C,CST #3,,,,180,,
Antibody,AB-0121,Cell signaling technology,Phospho-SMAD1 (Ser463/465)/ SMAD5 (Ser463/465)/ SMAD9 (Ser465/467) (D5B10) Rabbit mAb,13820T,-20'C,CST #3,,,,60,,
Antibody,AB-0122,Cell signaling technology,IKKα Antibody,2682S,-20'C,CST #3,,,,85,,
Antibody,AB-0123,Cell signaling technology,IKKβ (D30C6) Rabbit mAb,8943S,-20'C,CST #3,,,,87,,
Antibody,AB-0124,Cell signaling technology,LKB1 (27D10) Rabbit mAb,3050S,-20'C,CST #3,,,,54,,
Antibody,AB-0125,Cell signaling technology,SNF2H Antibody,13453S,-20'C,CST #3,,,,125,,
Antibody,AB-0126,Cell signaling technology,SQSTM1/p62 (D6M5X) Rabbit mAb,23214S,-20'C,CST #3,,,,62,,
Antibody,AB-0127,Cell signaling technology,α-Smooth Muscle Actin (D4K9N) XP® Rabbit mAb,19245S,-20'C,CST #3,,,,42,,
Antibody,AB-0128,Cell signaling technology,COL1A1 (E8F4L) XP® Rabbit mAb,72026S,-20'C,CST #3,,,,220,,
Antibody,AB-0129,Cell signaling technology,CD11c (D1V9Y) Rabbit mAb,97585S,-20'C,CST #3,,,,145,,
Antibody,AB-0130,Cell signaling technology,Phospho-CaMKII (Thr286) Antibody,3361S,-20'C,CST #3,,,,50,,
Antibody,AB-0131,Cell signaling technology,CaMKII (pan) Antibody,3362S,-20'C,CST #3,,,,"60, 50",,
Antibody,AB-0132,Cell signaling technology,GST-Tag (26H1) Mouse mAb (Alexa Fluor® 488 Conjugate),3368S,-20'C,CST #3,,,,,,
Antibody,AB-0133,Cell signaling technology,LC3B Antibody,2775S,-20'C,CST #3,,,,"14, 16",,
Antibody,AB-0134,Cell signaling technology,Phospho-mTOR (Ser2448) Antibody,2971S,-20'C,CST #3,,,,289,,
Antibody,AB-0135,Cell signaling technology,mTOR  Antibody,2972S,-20'C,CST #3,,,,289,,
Antibody,AB-0136,Cell signaling technology,Phospho-β-Catenin (Ser33/37/Thr41) Antibody,9561S,-20'C,CST #4,,,,92,,
Antibody,AB-0137,Cell signaling technology,Phospho-β-Catenin (Thr41/Ser45) Antibody,9565S,-20'C,CST #4,,,,92,,
Antibody,AB-0138,Cell signaling technology,Phospho-β-Catenin (Ser552) Antibody,9566S,-20'C,CST #4,,,,92,,
Antibody,AB-0139,Cell signaling technology,Phospho-β-Catenin (Ser675) Antibody,9567S,-20'C,CST #4,,,,92,,
Antibody,AB-0140,Cell signaling technology,Phospho-β-Catenin (Ser33/37/Thr41) Antibody,9561S,-20'C,CST #4,,,,92,,
Antibody,AB-0141,Cell signaling technology,Phospho-β-Catenin (Ser45) Antibody,9564S,-20'C,CST #4,,,,92,,
Antibody,AB-0142,Cell signaling technology,β-Catenin (D10A8) XP® Rabbit mAb,8480S,-20'C,CST #4,,,,92,,
Antibody,AB-0143,Cell signaling technology,IKKβ Antibody,2684S,-20'C,CST #4,,,,87,,
Antibody,AB-0144,Cell signaling technology,Phospho-NF-κB p65 (Ser536) Antibody,3031S,-20'C,CST #4,,,,65,,
Antibody,AB-0145,Cell signaling technology,Phospho-Tpl2 (Ser400) Antibody,4491S,-20'C,CST #4,,,,"60, 62",,
Antibody,AB-0146,Cell signaling technology,Phospho-IKKα/β (Ser176/180) (16A6) Rabbit mAb,2697S,-20'C,CST #2,,,,85 IKK-alpha 87 IKK-beta,,
Antibody,AB-0147,Cell signaling technology,Phospho-IKKα (Ser180)/IKKβ (Ser181) Antibody,2681,-20'C,CST #4,,,,85 IKK-alpha 87 IKK-beta,단종,단종
Antibody,AB-0148,Cell signaling technology,IKKα Antibody,2682S,-20'C,CST #3,,,,85,,
Antibody,AB-0149,Cell signaling technology,NF-κB p65 Antibody,3034,-20'C,CST #4,,,,65,단종,단종
Antibody,AB-0150,Cell signaling technology,Cox2 Antibody,4842S,-20'C,CST #4,,,,74,,
Antibody,AB-0151,Cell signaling technology,Stat1 Antibody,9172S,-20'C,CST #4,,,,"84, 91",,
Antibody,AB-0152,Cell signaling technology,Phospho-Stat1 (Tyr701) Antibody,9171S,-20'C,CST #4,,,,"84, 91",단종,단종
Antibody,AB-0153,Cell signaling technology,nNOS (C7D7) Rabbit mAb,4231S,-20'C,CST #4,250904 없음,,,160,,
Antibody,AB-0154,Cell signaling technology,His-Tag Antibody,2365S,-20'C,CST #4,,,,,,
Antibody,AB-0155,Cell signaling technology,GATA-2 Antibody,4595S,-20'C,CST #4,,,,51,,
Antibody,AB-0156,Cell signaling technology,"Anti-rabbit IgG, HRP-linked Antibody",7074S,-20'C,CST #4,,,,,,
Antibody,AB-0157,Cell signaling technology,Phospho-MEK1/2 (Ser217/221) Antibody,9121S,-20'C,CST #4,,,,45,,
Antibody,AB-0158,Cell signaling technology,MEK1/2 Antibody,9122S,-20'C,CST #4,,,,45,,
Antibody,AB-0159,Cell signaling technology,p42 MAP Kinase (Erk2) Antibody,9108S,-20'C,CST #4,,,,42,,
Antibody,AB-0160,Cell signaling technology,PKG-1 (C8A4) Rabbit mAb,3248S,-20'C,CST #4,,,,78,,
Antibody,AB-0161,Cell signaling technology,Phospho-C/EBPβ (Thr235) Antibody,3084S,-20'C,CST #4,,,,19 LIP. 36 LAP. 38 LAP.,,
Antibody,AB-0162,Cell signaling technology,phospho-p44/42 MAPK (Erk1/2) (Thr202/Tyr204) Antibody,9101S,-20'C,CST #3,,,,"42, 44",,
Antibody,AB-0163,Cell signaling technology,GPX1 (C8C4) Rabbit mAb,3286S,-20'C,CST #4,,,,22,,
Antibody,AB-0164,Cell signaling technology,GSK-3β (27C10) Rabbit mAb,9315S,-20'C,CST #3,,,,46,,
Antibody,AB-0165,Cell signaling technology,Akt (pan) (C67E7) Rabbit mAb,4691S,-20'C,CST #4,,,,60,,
Antibody,AB-0166,Cell signaling technology,C/EBPα Antibody,2295S,-20'C,CST #2,,,,"42, 28",,
Antibody,AB-0167,Cell signaling technology,C/EBPβ Antibody,3082S,-20'C,CST #4,,,,"38, 41",,
Antibody,AB-0168,Cell signaling technology,Estrogen Receptor α (62A3) Mouse mAb,2512,-20'C,CST #2,,,,66,단종,단종
Antibody,AB-0169,Cell signaling technology,Atg12 Antibody,2010S,-20'C,CST #4,,,,"16, 55",,
Antibody,AB-0170,Cell signaling technology,c-Fos (9F6) Rabbit mAb,2250S,-20'C,CST #4,,,,62,,
Antibody,AB-0171,Cell signaling technology,Bcl-xL Antibody,2762S,-20'C,CST #4,,,,30,,
Antibody,AB-0172,Cell signaling technology,Atg5 Antibody,2630S,-20'C,CST #4,,,,55,,
Antibody,AB-0173,Cell signaling technology,Akt rabbit antibody,9272S,-20'C,CST #4,2024.12.03,,,60,루시아,
Antibody,AB-0174,Cell signaling technology,Phospho-Akt (Ser472) (D9E) XP rabbit mAb,4060S,-20'C,CST #4,2024.12.03,,,60,루시아,
Antibody,AB-0175,Cell signaling technology,Sirt1 antibody,9475S,-20'C,CST #2,2025.4.10.,,,120,신양지,
Antibody,AB-0176,Cell signaling technology,DNMT1 antibody,5032S,-20'C,CST #4,2025.6.29.,,,200,신양지,
Antibody,AB-0177,Cell signaling technology,Phospho-SQSTM1/p62 (Ser403) (D8D6T),39786,-20'C,CST #4,2026.01.24,,,62,루시아,
Antibody,AB-0178,Cell signaling technology,ULK (D8H5) Rabbit monoclonal antibody,8054,-20'C,CST #4,2026.01.24,,,150,루시아,
Antibody,AB-0179,Cell signaling technology,Cleaved caspase-3,9661S,-20'C,CST #1,2026.2 19.,,,"17, 19",신양지,
Antibody,AB-0180,Abcam,Anti-CEBP Beta antibody [47A1],ab33481,-20'C,Abcam #1,,,,37,단종,단종
Antibody,AB-0181,Abcam,Anti-Tau 13 antibody [TAU-13],ab24634,-20'C,Abcam #1,,,,45-60,단종,단종
Antibody,AB-0182,Abcam,Anti-PPAR delta antibody,ab23673,-20'C,Abcam #1,,,,50,,
Antibody,AB-0183,Abcam,Anti-STAT3 (phospho Y705) antibody [EP2147Y],ab76315,-20'C,Abcam #1,,,,88,,
Antibody,AB-0184,Abcam,Anti-Ki67 antibody,ab15580,-20'C,Abcam #1,,,,"345, 395",,
Antibody,AB-0185,Abcam,Anti-Stanniocalcin 1/STC1 antibody,ab83065,-20'C,Abcam #1,,,,30,단종,단종
Antibody,AB-0186,Abcam,Anti-GSK3 beta (phospho Y216) + GSK3 alpha (phospho Y279) antibody,ab75745,-20'C,Abcam #1,,,,47,,
Antibody,AB-0187,Abcam,Anti-Leptin Receptor antibody [EPR911(N)],ab177469,-20'C,Abcam #1,,,,150,단종,단종
Antibody,AB-0188,Millipore,Anti-CPT1A Antibody,ABS65,-20'C,Abcam #2,,,,78,,
Antibody,AB-0189,Abcam,Anti-Nrf2 antibody [EP1808Y] KO Tested,ab62352,-20'C,Abcam #2,,,,100,,
Antibody,AB-0190,Abcam,Anti-Superoxide Dismutase 3/EC-SOD antibody [1H12],ab28442,-20'C,Abcam #2,,,,35,단종,단종
Antibody,AB-0191,unknown,UGT1A9,unknown,-20'C,Abcam #2,,,,,,
Antibody,AB-0192,unknown,p-CDK2 (Tyr15),unknown,-20'C,Abcam #2,,,,,,
Antibody,AB-0193,Abcam,Anti-Nrf2 antibody [EP1808Y] KO Tested,ab62352,-20'C,Abcam #2,,,,100,,
Antibody,AB-0194,Abcam,Anti-BCRP/ABCG2 antibody [1H2],ab130244,-20'C,Abcam #3,,,,72,,
Antibody,AB-0195,Abcam,Anti-Nrf2 (phospho S40) antibody [EP1809Y],ab76026,-20'C,Abcam #3,,,,90,,
Antibody,AB-0196,Novus Biologicals,OCT4 Antibody (EPR2053(2)),NBP1-96637,-20'C,Abcam #3,,,,,,
Antibody,AB-0197,Abcam,Anti-PRDM16 antibody,ab106410,-20'C,Abcam #3,,,,140,,
Antibody,AB-0198,Abcam,Anti-HOGA1 antibody,ab213993,-20'C,Abcam #3,,,,35,단종,단종
Antibody,AB-0199,unknown,PPAR delta antibody,unknown,-20'C,Abcam #3,,,,,,
Antibody,AB-0200,R&D sytems,Human/Mouse Nrf2 Antibody (Anti-Goat IgG Secondary Antibody),AF3925,-20'C,Abcam #3,,,,110-115,,
Antibody,AB-0201,Abcam,Anti-ALDH1A1 antibody [EP1933Y],ab52492,-20'C,Abcam #4,,,,54,,
Antibody,AB-0202,Abcam,Anti-LXR beta/NER antibody,ab56237,-20'C,Abcam #4,,,,50,단종,단종
Antibody,AB-0203,Abcam,Anti-FOXG1 antibody,ab3394,-20'C,Abcam #4,,,,54,,
Antibody,AB-0204,Abcam,Anti-PROX1 antibody,ab37128,-20'C,Abcam #4,,,,83,단종,단종
Antibody,AB-0205,Abcam,Anti-Superoxide Dismutase 1 antibody,ab13498,-20'C,Abcam #4,,,,23,,
Antibody,AB-0206,Abcam,Anti-LXR alpha antibody,ab41902,-20'C,Abcam #4,,,,,,
Antibody,AB-0207,Abcam,Anti-FHL2 antibody,ab12327,-20'C,Abcam #4,,,,32,,
Antibody,AB-0208,Abcam,Anti-TRAP80 antibody,ab155593,-20'C,Abcam #4,,,,73,,
Antibody,AB-0209,Abcam,Anti-Notch1 antibody [EP1238Y],ab52627,-20'C,Abcam #4,,,,110-120,,
Antibody,AB-0210,Abcam,Anti-HIF-1 alpha antibody [EPR16897],ab179483,-20'C,Abcam #4,,,,110,,
Antibody,AB-0211,Abcam,Anti-EpCAM antibody [E144],ab32392,-20'C,Abcam #4,,,,35,,
Antibody,AB-0212,Santa Cruz Biotechnology,5-LO Antibody (33),sc-136195,4'C,BOX # 1,16.05.25,,,,,
Antibody,AB-0213,Santa Cruz Biotechnology,OLIG2 Antibody (H-68),sc-48817,4'C,BOX # 1,-,,,,,
Antibody,AB-0214,Santa Cruz Biotechnology,Cdk2 Antibody (M2),sc-163,4'C,BOX # 1,06.11.23,,,,,
Antibody,AB-0215,Santa Cruz Biotechnology,SOD-2 Antibody (FL-222),sc-30080,4'C,BOX # 1,9.07.02,,,,,
Antibody,AB-0216,Santa Cruz Biotechnology,Superoxide Dismutase 1/SOD1 Antibody (G-11),sc-17767,4'C,BOX # 1,09.06.17,,,,,
Antibody,AB-0217,Santa Cruz Biotechnology,osteopontin/OPN/SPP1 Antibody (AKm2A1),sc-21742,4'C,BOX # 1,-,,,,,
Antibody,AB-0218,Santa Cruz Biotechnology,osteopontin/OPN/SPP1 Antibody (AKm2A1),sc-21742,4'C,BOX # 1,new,,,,,
Antibody,AB-0219,Santa Cruz Biotechnology,OSX Antibody (F-3),sc-393325,4'C,BOX # 1,-,,,,,
Antibody,AB-0220,Santa Cruz Biotechnology,OSX Antibody (F-3),sc-393325,4'C,BOX # 1,new,,,,,
Antibody,AB-0221,Santa Cruz Biotechnology,Filaggrin Antibody (H-300),sc-30229,4'C,BOX # 1,-,,,,,
Antibody,AB-0222,Santa Cruz Biotechnology,ERα Antibody (H-184),sc-7207,4'C,BOX # 1,-,,,,,
Antibody,AB-0223,Santa Cruz Biotechnology,EGF Antibody (D-5),sc-374255,4'C,BOX # 1,-,,,,,
Antibody,AB-0224,Santa Cruz Biotechnology,p-NFKBIA/IkB alpha Antibody (B-9),sc-8404,4'C,BOX # 1,06.11.09,,,,,
Antibody,AB-0225,Santa Cruz Biotechnology,PDGFR-α Antibody (C-20),sc-338,4'C,BOX # 1,-,,,,,
Antibody,AB-0226,Santa Cruz Biotechnology,BMP-2/4 Antibody (H-1),sc-137087,4'C,BOX # 1,-,,,,,
Antibody,AB-0227,Santa Cruz Biotechnology,NQO1 Antibody (A180),sc-32793,4'C,BOX # 1,25.2.2017,,,,,
Antibody,AB-0228,Santa Cruz Biotechnology,NQO1 Antibody (C-19),sc-16464,4'C,BOX # 1,-,,,,,
Antibody,AB-0229,Santa Cruz Biotechnology,Heme Oxygenase 1/HMOX1 Antibody (A-3),sc-136960,4'C,BOX # 1,-,,,,,
Antibody,AB-0230,Santa Cruz Biotechnology,beta Actin Antibody (C4),sc-47778,4'C,BOX # 1,-,,,,,
Antibody,AB-0231,Santa Cruz Biotechnology,Keap1 Antibody (E-20),sc-15246,4'C,BOX # 1,09.01.15,,,,,
Antibody,AB-0232,Santa Cruz Biotechnology,ERβ Antibody (H-150),sc-8974,4'C,BOX # 1,-,,,,,
Antibody,AB-0233,Santa Cruz Biotechnology,cyclin E Antibody (HE12),sc-247,4'C,BOX # 1,-,,,,,
Antibody,AB-0234,Santa Cruz Biotechnology,Angiotensin Antibody (N-10),sc-7419,4'C,BOX # 1,-,,,,,
Antibody,AB-0235,Santa Cruz Biotechnology,GFP Antibody (FL),sc-8334,4'C,BOX # 1,09.07.17,,,,,
Antibody,AB-0236,Santa Cruz Biotechnology,Id4 Antibody (H-70),sc-13047,4'C,BOX # 1,15.10.29,,,,,
Antibody,AB-0237,Santa Cruz Biotechnology,HES5 Antibody (M-104),sc-25395,4'C,BOX # 1,15.10.29,,,,,
Antibody,AB-0238,Santa Cruz Biotechnology,Oct3/4 Antibody (C-10),sc-5279,4'C,BOX # 1,12.07.20,,,,,
Antibody,AB-0239,Santa Cruz Biotechnology,RANK Antibody (H-7),sc-374360,4'C,BOX # 1,-,,,,,
Antibody,AB-0240,Santa Cruz Biotechnology,Arnt 1 Antibody (H-172),sc-5580,4'C,BOX # 1,-,,,,,
Antibody,AB-0241,Santa Cruz Biotechnology,CYP3A4 Antibody (HL3),sc-53850,4'C,BOX # 1,-,,,,,
Antibody,AB-0242,Santa Cruz Biotechnology,Keap1 Antibody (G-2),sc-365626,4'C,BOX # 1,-,,,,,
Antibody,AB-0243,Santa Cruz Biotechnology,p-p21 Antibody (Ser 146),sc-12902,4'C,BOX # 1,-,,,,,
Antibody,AB-0244,Santa Cruz Biotechnology,p21 Antibody (C-19),sc-397,4'C,BOX # 1,-,,,,,
Antibody,AB-0245,Santa Cruz Biotechnology,Ah Receptor Antibody (H-211),sc-5579,4'C,BOX # 1,09.09.07,,,,,
Antibody,AB-0246,Santa Cruz Biotechnology,tPA Antibody (UK98/6),sc-69740,4'C,BOX # 1,-,,,,,
Antibody,AB-0247,Santa Cruz Biotechnology,NFKBIA/IkB alpha Antibody (H-4),sc-1643,4'C,BOX # 1,06.11.09,,,,,
Antibody,AB-0248,Santa Cruz Biotechnology,MGMT Antibody (FL207),sc-28241,4'C,BOX # 1,-,,,,,
Antibody,AB-0249,Santa Cruz Biotechnology,Cox-2 Antibody (C-20),sc-1745,4'C,BOX # 1,-,,,,,
Antibody,AB-0250,Santa Cruz Biotechnology,Loricrin Antibody (C-13),sc-51130,4'C,BOX # 1,-,,,,,
Antibody,AB-0251,Santa Cruz Biotechnology,Ubiquitin Antibody (P4D1),sc-8017,4'C,BOX # 1,-,,,,,
Antibody,AB-0252,Santa Cruz Biotechnology,RARα Antibody (C-20),sc-551,4'C,BOX # 1,-,,,,,
Antibody,AB-0253,Santa Cruz Biotechnology,RXRα Antibody (D-20),sc-553,4'C,BOX # 1,-,,,,,
Antibody,AB-0254,Santa Cruz Biotechnology,RUNX2 Antibody (F-2),sc-390351,4'C,BOX # 1,-,,,,,
Antibody,AB-0255,Santa Cruz Biotechnology,Smad7 Antibody (B-8),sc-365846,4'C,BOX # 1,-,,,,,
Antibody,AB-0256,Santa Cruz Biotechnology,involucrin Antibody (SY5),sc-21748,4'C,BOX # 1,-,,,,,
Antibody,AB-0257,Santa Cruz Biotechnology,RARβ Antibody (C-19),sc-552,4'C,BOX # 1,-,,,,,
Antibody,AB-0258,Santa Cruz Biotechnology,F4/80 Antibody (C-7),sc-377009,4'C,BOX # 1,-,,,,,
Antibody,AB-0259,Santa Cruz Biotechnology,Ob-R/Leptin Receptor Antibody (B-3),sc-8391,4'C,BOX # 1,13.03.04,,,,,
Antibody,AB-0260,Santa Cruz Biotechnology,NQO1 Antibody (A180),sc-32793,4'C,BOX # 1,-,,,,,
Antibody,AB-0261,Santa Cruz Biotechnology,RANKL Antibody (G-1),sc-377079,4'C,BOX # 1,-,,,,,
Antibody,AB-0262,Santa Cruz Biotechnology,APPL1 Antibody (A-1),sc-271901,4'C,BOX # 1,2020.04.29,,,,,
Antibody,AB-0263,Santa Cruz Biotechnology,LXR alpha/beta/NR1H3/NR1H2 Antibody (H-7),sc-377260,4'C,BOX # 1,-,,,,,
Antibody,AB-0264,Santa Cruz Biotechnology,LXRα Antibody (P-20),sc-1202,4'C,BOX # 1,-,,,,,
Antibody,AB-0265,Santa Cruz Biotechnology,LXR beta/NER/NR1H2 Antibody (H-8),sc-133221,4'C,BOX # 1,-,,,,,
Antibody,AB-0266,Santa Cruz Biotechnology,LXRβ Antibody (N-20),sc-1001,4'C,BOX # 1,-,,,,,
Antibody,AB-0267,Santa Cruz Biotechnology,LXRα/β Antibody (C-19),sc-1201,4'C,BOX # 1,-,,,,,
Antibody,AB-0268,MERK,"Anti-Nestin Antibody, clone 10C2",MAB5326,4'C,BOX # 1,-,,,,,
Antibody,AB-0269,Santa Cruz Biotechnology,Bcl-2 Antibody (C-2),sc-7382,4'C,BOX # 1,06.11.09,,,,,
Antibody,AB-0270,MERK,"Anti-CD133 (Prominin-1) Antibody, clone 17A6.1",MAB4399,4'C,BOX # 1,-,,,,,
Antibody,AB-0271,Santa Cruz Biotechnology,MMP2 Antibody (8B4),sc-13595,4'C,BOX # 1,19.11.14,,,,,
Antibody,AB-0272,Santa Cruz Biotechnology,Lamin B Antibody (C-20),sc-6216,4'C,BOX # 1,-,,,,,
Antibody,AB-0273,Santa Cruz Biotechnology,beta Actin Antibody (C4),sc-47778,4'C,BOX # 1,-,,,,,
Antibody,AB-0274,Santa Cruz Biotechnology,TGF beta 1 Antibody (500-M66),sc-65378,4'C,BOX # 1,19.11.14,,,,,
Antibody,AB-0275,Santa Cruz Biotechnology,COL1A1 Antibody (3G3),sc-293182,4'C,BOX # 1,-,,,,,
Antibody,AB-0276,Santa Cruz Biotechnology,Histone H1 Antibody (AE-4): sc-8030,sc-8030,4'C,BOX # 1,13.03.04,,,,,
Antibody,AB-0277,Santa Cruz Biotechnology,RXRα/β/γ Antibody (C-20),sc-831,4'C,BOX # 1,-,,,,,
Antibody,AB-0278,Santa Cruz Biotechnology,F4/80 Antibody (C-7),sc-377009,4'C,BOX # 1,-,,,,,
Antibody,AB-0279,MERK,"Anti-Nestin Antibody, clone 10C2",MAB5326,4'C,BOX # 1,-,,,,,
Antibody,AB-0280,Santa Cruz Biotechnology,TRAP220 Antibody (M-255),sc-8998,4'C,BOX # 1,-,,,,,
Antibody,AB-0281,Santa Cruz Biotechnology,OPG/Osteoprotegerin Antibody (E-10),sc-390518,4'C,BOX # 1,-,,,,,
Antibody,AB-0282,Santa Cruz Biotechnology,Alkaline Phosphatase Antibody (A-10),sc-271431,4'C,BOX # 1,-,,,,,
Antibody,AB-0283,Santa Cruz Biotechnology,Smooth Muscle Actin Antibody (B4),sc-53142,4'C,BOX # 1,-,,,,,
Antibody,AB-0284,Santa Cruz Biotechnology,GAPDH Antibody (0411),sc-47724,4'C,BOX # 1,-,,,,,
Antibody,AB-0285,Santa Cruz Biotechnology,m-IgGκ BP-HRP,sc-516102,4'C,BOX # 1,-,,,,,
Antibody,AB-0286,Abcam,Rabbit Anti Goat (IgG) secondary antibody HRP,ab6741-1,4'C,BOX # 2,,,,,,
Antibody,AB-0287,CALBIOCHEM,Anti-Cathepsin B (Ab-3) Rabbit pAb,PC41,4'C,BOX # 2,,,,,,
Antibody,AB-0288,Santa Cruz Biotechnology,PPARα Antibody (N-19),sc1985P,4'C,BOX # 2,,,,,,
Antibody,AB-0289,MERK,Anti-phospho-Acetyl CoA Carboxylase (Ser79) Antibody,07-303,4'C,BOX # 2,16.09.26,,,,,
Antibody,AB-0290,Santa Cruz Biotechnology,RXRα/β/γ Antibody (C-20),sc-831P,4'C,BOX # 1,,,,,,
Antibody,AB-0291,Abcam,Anti-beta Actin antibody [AC-15],ab6276-100,4'C,BOX # 2,,,,,,
Antibody,AB-0292,-,DNA ladder (loadingSTAR 6X),-,4'C,BOX # 2,-,,,,,
Antibody,AB-0293,Santa Cruz Biotechnology,RUNX2 Antibody (F-2),sc-390351,4'C,BOX # 1,,,,,,
Antibody,AB-0294,Santa Cruz Biotechnology,Stat3 Antibody (C-20),sc-482,4'C,BOX # 2,13.06.09,,,,,
Antibody,AB-0295,Santa Cruz Biotechnology,Fc ε RIα (R-180) Antibody,sc-98245,4'C,BOX # 2,,,,,,
Antibody,AB-0296,Santa Cruz Biotechnology,pS2 Antibody (C-20),sc-7842,4'C,BOX # 2,,,,,,
Antibody,AB-0297,Santa Cruz Biotechnology,GATA-2 Antibody (H-116),sc-9008,4'C,BOX # 2,,,,,,
Antibody,AB-0298,Santa Cruz Biotechnology,GATA-3 Antibody (H-48),sc-9009,4'C,BOX # 2,,,,,,
Antibody,AB-0299,Santa Cruz Biotechnology,GATA3 Antibody (HG3-31),sc-268,4'C,BOX # 2,,,,,,
Antibody,AB-0300,Santa Cruz Biotechnology,SULT1 Antibody (H-55),sc-32928,4'C,BOX # 2,,,,,,
Antibody,AB-0301,Santa Cruz Biotechnology,PPARα Antibody (H-2),sc-398394,4'C,BOX # 2,18.12.13,,,,,
Antibody,AB-0302,Santa Cruz Biotechnology,CPTI Antibody (E-7),sc-393070,4'C,BOX # 2,23.1.19,,,,,
Antibody,AB-0303,Abcam,Anti-Beclin 1 antibody. Rabbit polyclonal,ab62557,4'C,BOX # 2,18.12.13,,,,,
Antibody,AB-0304,Santa Cruz Biotechnology,SREBP-1 Antibody (3F335),sc-73058,4'C,BOX # 2,13.07.24,,,,,
Antibody,AB-0305,Santa Cruz Biotechnology,SREBP-1 Antibody (H-160),sc-8984,4'C,BOX # 2,23.1.19,,,,,
Antibody,AB-0306,Santa Cruz Biotechnology,SREBP-2 Antibody (1C6),sc-13552,4'C,BOX # 2,,,,,,
Antibody,AB-0307,Santa Cruz Biotechnology,UCP2 Antibody (G-6),sc-390189,4'C,BOX # 2,,,,,,
Antibody,AB-0308,Santa Cruz Biotechnology,SREBP-1 Antibody (2A4),sc-13551,4'C,BOX # 2,,,,,,
Antibody,AB-0309,Santa Cruz Biotechnology,PPARα Antibody (H-98),sc-9000,4'C,BOX # 2,,,,,,
Antibody,AB-0310,Santa Cruz Biotechnology,UCP1 Antibody (4E5),sc-293418,4'C,BOX # 2,23.1.19,,,,,
Antibody,AB-0311,Santa Cruz Biotechnology,Fatty Acid Synthase Antibody (H-300),sc-20140,4'C,BOX # 2,16.02.18,,,,,
Antibody,AB-0312,Santa Cruz Biotechnology,CPTI Antibody (E-7),sc-393070,4'C,BOX # 2,2020.02.13,,,,,
Antibody,AB-0313,Santa Cruz Biotechnology,C/EBP α Antibody (D-5),sc-365318,4'C,BOX # 2,23.1.19,,,,,
Antibody,AB-0314,Santa Cruz Biotechnology,C/EBP β Antibody (C-19),sc-150,4'C,BOX # 2,,,,,,
Antibody,AB-0315,Santa Cruz Biotechnology,PPARγ Antibody (E-8),sc-7273,4'C,BOX # 2,23.1.19,,,,,
Antibody,AB-0316,Santa Cruz Biotechnology,CYP1A1 Antibody (H-70),sc-20772,4'C,BOX # 2,09.07.09,,,,,
Antibody,AB-0317,Santa Cruz Biotechnology,PAI-1/SERPINE1 Antibody (C-9),sc-5297,4'C,BOX # 2,,,,,,
Antibody,AB-0318,Santa Cruz Biotechnology,CYP1A1 Antibody (H-70),sc-20772,4'C,BOX # 2,,,,,,
Antibody,AB-0319,Santa Cruz Biotechnology,UCP2 Antibody (N-19),sc-6526,4'C,BOX # 2,2014.01.06,,,,,
Antibody,AB-0320,Santa Cruz Biotechnology,Aldehyde dehydrogenase /2/ALDH1A1/2/3/ALDH2 Antibody (H-8),sc-166362,4'C,BOX # 2,24.02.20,,,,,
Antibody,AB-0321,Santa Cruz Biotechnology,ADH Antibody (G-7),sc-133207,4'C,BOX # 2,24.02.20,,,,,
Antibody,AB-0322,Santa Cruz Biotechnology,β-Amyloid Antibody (B-4),sc-28365,4'C,BOX # 2,,,,,,
Antibody,AB-0323,Santa Cruz Biotechnology,PPARγ Antibody (E-8),sc-7273,4'C,BOX # 2,,,,,,
Product,PRD-0001,AB,MicroAmp™ Optical 96-Well Reaction Plate / qPCR용 [10/pk],N8010560,,,,,,,,
Product,PRD-0002,AB,"PowerUp™ SYBR™ Green Master Mix, 1 x 1mL [2-8℃] / 1 x A25741 [1/ea]",A25741,4'C,,,,,,,
Product,PRD-0003,AB,"PowerUp™ SYBR™ Green Master Mix, 10 x 5mL [2-8℃] / 10 x A25742 [1/ea]",A25778,4'C,,,,,,,
Product,PRD-0004,AB,"PowerUp™ SYBR™ Green Master Mix, 5 x 5mL [2~8℃] / 5 x A25742 [1/ea]",A25777,4'C,,,,,,,
Product,PRD-0005,abcam,"Anti-Beclin 1 antibody, 100ug [4°C] [1/ea]",ab62557,4'C,,,,,,,
Product,PRD-0006,abcam,Autophagy/Cytotoxicity Dual Staining Kit [1/kit],ab133075,,,,,,,,
Product,PRD-0007,Alfa Aesar,"Sodium acetate, anhydrous (cas# 127-09-3), 99%, 1Kg [1/ea]",A13184.0B,,,,,,,,
Product,PRD-0008,Alfa Aesar,"Sodium L-(+)-tartrate dihydrate (cas# 6106-24-7), ACS, 99.0-101.0%, 500g [RT] [1/ea]",033242.36,RT,,,,,,,
Product,PRD-0009,Anaspec,"SensoLyte® pNPP Alkaline Phosphatase Assay Kit, 500 assays *Colorimetric* [4°C] [1/kit]",AS-72146,4'C,,,,,,,
Product,PRD-0010,Axygen,"10uL Tips, Clear, Non-Sterile, Bulk, 1000/pk, 20pk/bx [1000/pk]",T-300/PK,,,,,,,,
Product,PRD-0011,Axygen,"Microcentrifuge Tubes, 1.5mL, Clear, Non-Sterile, (500*2)/pk, 5pk/bx [1000/pk]",MCT-150-C/PK,,,,,,,,
Product,PRD-0012,Bel-Art,"Label Tape (라벨테이프), 19.05mm, Blue [1/ea]",BE.F13463-4075,,,,,,,,
Product,PRD-0013,Bel-Art,"Label Tape (라벨테이프), 19.05mm, Orange [1/ea]",BE.F13463-5075,,,,,,,,
Product,PRD-0014,Bel-Art,"Label Tape (라벨테이프), 19.05mm, Red [1/ea]",BE.F13463-1075,,,,,,,,
Product,PRD-0015,Bel-Art,"Label Tape (라벨테이프), 19.05mm, Yellow [1/ea]",BE.F13463-2075,,,,,,,,
Product,PRD-0016,BioFACT,"HiGene RNase Free Water(DEPC), 81mL(1mL*81ea)[RT] [1mL*81/pk]",PB141-081,RT,,,,,,,
Product,PRD-0017,BioLegend,"Recombinant Mouse TGF-β1 (carrier-free), > 95% by SDS-PAGE , 10ug [-20℃] [1/ea]",763102,-20'C,,,,,,,
Product,PRD-0018,Bio-Rad,"30% Acrylamide/Bis Solution, 37.5:1, 500mL [2-8℃] [1/ea]",161-0158,4'C,,,,,,,
Product,PRD-0019,Bio-Rad,"Immun-Blot PVDF Membrane, 0.2um, 26cm x 3.3m, Roll [1/ea]",162-0177,,,,,,,,
Product,PRD-0020,Bio-Rad,"Mini-PROTEAN Comb, 15-well, 1.0 mm, 26 uL [5/pk]",165-3360,,,,,,,,
Product,PRD-0021,Bio-Rad,Mini-PROTEAN® Casting Frame [1/pk],165-3304,,,,,,,,
Product,PRD-0022,Bio-Rad,Mini-PROTEAN® Short Plates [5/pk],165-3308,,,,,,,,
Product,PRD-0023,Bio-Rad,Mini-PROTEAN® Spacer Plates with 0.75 mm Integrated Spacers [5/pk],165-3310,,,,,,,,
Product,PRD-0024,Bio-Rad,Mini-PROTEAN® Spacer Plates with 1.0 mm Integrated Spacers [5/pk],165-3311,,,,,,,,
Product,PRD-0025,Bio-Rad,"Precision Plus Protein Dual Color Standards, 500uL [-20℃] / 2+1free 행사 [1/ea]",161-0374,-20'C,,,,,,,
Product,PRD-0026,Bio-Rad,"Thick Blot Filter Paper, Precut, 7.5 x 10cm [50/pk]",170-3932,,,,,,,,
Product,PRD-0027,Brand,Manifold 8 channel PP (ea) / 704526 [1/ea],A04-59-016,,,,,,,,
Product,PRD-0028,Cayman,Nuclear Extraction Kit [-20℃] [1/kit],10009277,-20'C,,,,,,,
Product,PRD-0029,Cell applications,Cryopreserved Mouse Hepatic Stellate Cells Total Kit; M782-05 & M7117-500 & 090K [1/kit],M782K-05a,,,,,,,,
Product,PRD-0030,Cell applications,"Mouse Hepatic Stellate Cells Basal medium (no growth supplement), 500mL [2-8℃] [1/ea]",M7116-500,4'C,,,,,,,
Product,PRD-0031,Chemfaces,"Diphyllin (cas# 22055-22-7), >=98%, 20mg [2-8℃] [1/ea]",CFN91906-20mg,4'C,,,,,,,
Product,PRD-0032,Chemfaces,"Jaceosidin (cas# 18085-97-7), >=98%, 20mg [2-8℃] [1/ea]",CFN90386-20mg,4'C,,,,,,,
Product,PRD-0033,Chemfaces,"Physalin A (cas# 23027-91-0), >=98%, 5mg [2-8℃] [1/ea]",CFN92940-5mg,4'C,,,,,,,
Product,PRD-0034,Corning,100mm Cell Culture Dishes [20/500/bx],430167,,,,,,,,
Product,PRD-0035,Corning,24well Cell Culture Plates [1/50/bx],3526,,,,,,,,
Product,PRD-0036,Corning,"500mL Easy Grip Polystyrene Storage Bottles with 45 mm Caps, Sterile [2/24/bx]",430282,,,,,,,,
Product,PRD-0037,Corning,6well Cell Culture Plates [1/50/bx],3516,,,,,,,,
Product,PRD-0038,Corning,75T Cell Culture Flasks [5/100/bx],430641U,,,,,,,,
Product,PRD-0039,Corning,96well Cell Culture Plates [1/50/bx],3596,,,,,,,,
Product,PRD-0040,Corning,"96well Microplates, with Lid, Black, Clear Flat Bottom, TC-Treated, 멸균, 개별포장 [1/48/bx]",3603,,,,,,,,
Product,PRD-0041,Corning,"Collagen I, Rat Tail, 100mg [2-8℃] [1/ea]",354236,4'C,,,,,,,
Product,PRD-0042,CST,"Acetyl-CoA Carboxylase (C83B10) Rabbit mAb, 100uL [-20℃] [1/ea]",3676S,-20'C,,,,,,,
Product,PRD-0043,CST,"AMPKα Antibody, 100uL [-20℃] [1/ea]",2532S,-20'C,,,,,,,
Product,PRD-0044,CST,"C/EBPα Antibody, 100uL [-20℃] [1/ea]",2295S,-20'C,,,,,,,
Product,PRD-0045,CST,"GAPDH (14C10) Rabbit mAb, 100uL [-20℃] [1/ea]",2118S,-20'C,,,,,,,
Product,PRD-0046,CST,"KEAP1 (D6B12) Rabbit mAb, 100uL [-20℃] [1/ea]",8047S,-20'C,,,,,,,
Product,PRD-0047,CST,"NRF2 (D1Z9C) XP® Rabbit mAb, 100uL [-20℃] [1/ea]",12721S,-20'C,,,,,,,
Product,PRD-0048,CST,"Phospho-Acetyl-CoA Carboxylase (Ser79) Antibody, 100uL [-20℃] [1/ea]",3661S,-20'C,,,,,,,
Product,PRD-0049,CST,"Phospho-AMPKα (Thr172) (40H9) Rabbit mAb, 100uL [-20℃] [1/ea]",2535S,-20'C,,,,,,,
Product,PRD-0050,CST,"PPARγ (C26H12) Rabbit mAb, 100uL [-20℃] [1/ea]",2435S,-20'C,,,,,,,
Product,PRD-0051,Cytiva,"Hyclone MEM/EBSS, 500mL [2-8℃] [1/ea]",SH30024.01,4'C,,,,,,,
Product,PRD-0052,Cytiva,Hyclone Penicillin Streptomycin 100X Solution 100mL [-20℃] [1/ea],SV30010,-20'C,,,,,,,
Product,PRD-0053,Cytiva,"Whatman 150mm Filter Paper, Qualitative, Grade 1 [100/pk]",1001-150,,,,,,,,
Product,PRD-0054,Denovo,"0.2mL PCR Tubes (8-strip tube, w/o cap / DPT0208RC 필요 [125/pk]",DPT0208T,,,,,,,,
Product,PRD-0055,Denovo,"5mL Bulk Tip Rack, 24holes / DSTB5000용 [1/ea]",DER5000B,,,,,,,,
Product,PRD-0056,Denovo,"5mL Tips, Non-Sterile, Bulk, 100/pk, 10pk/bx [100/pk]",DSTB5000/PK,,,,,,,,
Product,PRD-0057,Denovo,"8-strip Flat cap, w/o Tube (STD / Real -time PCR(qPCR) 사용 [125/pk]",DPT0208RC,,,,,,,,
Product,PRD-0058,DoGen,"EZ-Cytox, 3000 tests / 5mL x 6 bottles [4℃] [1/kit]",EZ-3000,4'C,,,,,,,
Product,PRD-0059,Drummond,"Pipet-Aid(피펫에이드), 220V portable XP, 충전식 [1/ea]",HDR-4-000-201,,,,,,,,
Product,PRD-0060,Drummond,"Replacement T.C. Filter, 0.8um [5/pk]",HDR-4-000-051,,,,,,,,
Product,PRD-0061,Duran,"500mL Media Bottle(시약병), GL45, 외산, 1/ea, 10/pk [10/pk]",DU.21801445/PK,,,,,,,,
Product,PRD-0062,Elabscience,"Alanine Aminotransferase (ALT/GPT) Activity Assay Kit, 100 assays [2-8℃] [1/kit]",E-BC-K235-S,4'C,,,,,,,
Product,PRD-0063,Elabscience,"Aspartate Aminotransferase (AST/GOT) Activity Assay Kit, 100 assays [2-8℃] [1/kit]",E-BC-K236-S,4'C,,,,,,,
Product,PRD-0064,Elabscience,"High-density Lipoprotein Cholesterol (HDL-C) Colorimetric Assay Kit, 100 assays [1/kit]",E-BC-K222-S,,,,,,,,
Product,PRD-0065,Elabscience,"Low-density Lipoprotein Cholesterol (LDL-C) Colorimetric Assay Kit, 100 assays [1/kit]",E-BC-K206-S,,,,,,,,
Product,PRD-0066,Elabscience,"Malondialdehyde (MDA) Colorimetric Assay Kit (TBA Method), 96T [2-8℃] [1/kit]",E-BC-K025-M,4'C,,,,,,,
Product,PRD-0067,Elabscience,"Total Cholesterol (TC) Colorimetric Assay Kit (COD-PAP Method), 100 assays [2-8℃] [1/kit]",E-BC-K109-S,4'C,,,,,,,
Product,PRD-0068,Elabscience,"Triglyceride (TG) Colorimetric Assay Kit (GPO-PAP Method), 100 assays [2-8℃] [1/kit]",E-BC-K261-S,4'C,,,,,,,
Product,PRD-0069,Falcon,10mL Serological Pipettes [50/200/bx],357551,,,,,,,,
Product,PRD-0070,GAST,"Vacuum Pressure Pump, 32L/min, 230V/60HZ (DOA-P704-AC) [1/대]",GVACPUMP,,,,,,,,
Product,PRD-0071,GenDEPOT,"Albumin, Ultra pure Bovine Serum Albumin, 100g [2-8°C] [1/ea]",A0100-010,4'C,,,,,,,
Product,PRD-0072,Geneall,"Hybrid-R, 100 preps [4℃ (RiboEx) + RT(1)] [1/kit]",305-101,4℃ (RiboEx) + RT(1),,,,,,,
Product,PRD-0073,Geneall,"RiboEx™, 100mL [4℃] / 301-902의 단품판매번호 [1/ea]",301-001,4'C,,,,,,,
Product,PRD-0074,Geneall,"RiboEx™, 200mL (2 x 100mL) [4℃] / (2 x 301-001) / 301-902의 단품판매번호 [1/ea]",301-002,4'C,,,,,,,
Product,PRD-0075,Gibco,"Bovine Serum, New Zealand origin, 500mL [≤-10°C] [1/ea]",16170-078,-20'C,,,,,,,
Product,PRD-0076,Gibco,"DMEM/F-12, no phenol red, 500mL [2-8℃] [1/ea]",21041-025,4'C,,,,,,,
Product,PRD-0077,Gilson,"Pipetman G P10G, metal ejector, 1-10uL [1/ea]",F144055M,,,,,,,,
Product,PRD-0078,Gilson,"Pipetman G, Starter Kit (P20G, P200G, P1000G) [1/set]",F167900,,,,,,,,
Product,PRD-0079,Greiner,"96 well microplate without lid, white, high biding, Sterile [10/40/bx]",655074,,,,,,,,
Product,PRD-0080,Guoji,"실리카겔(제습제), 청색, 800g [1/ea]",HK-SB800,,,,,,,,
Product,PRD-0081,HANSUNG,"정밀전자저울, 0.01g-310g [1/대]",HS310TT,,,,,,,,
Product,PRD-0082,Junsei,"Formaldehyde (cas# 50-00-0), 36%, GR, 1L [RT]",69360S0380,RT,,,,,,,
Product,PRD-0083,Lonza,EGM-2 Bullet Kit (CC-3156[4℃] & CC-4176[-20℃]) [1/kit],CC-3162,4'C,,,,,,,
Product,PRD-0084,Lonza,"ReagentPack Subculture Reagents, 100mL [-20℃] / TNS(cc-5002) & HEPES(cc-5022) & TE(cc-5012) [1/pk]",CC-5034,-20'C,,,,,,,
Product,PRD-0085,MBL,"Anti-LC3 pAb (Polyclonal Antibody), 100uL [-20°C] [1/ea]",PM036,-20'C,,,,,,,
Product,PRD-0086,MCE,"3-Methyladenine (cas# 5142-23-4), Purity: 99.91%, 50mg [1/ea]",HY-19312-50mg,,,,,,,,
Product,PRD-0087,MCE,"Astragalin (cas# 480-10-4), 99.48%, 5mg [2-8℃] [1/ea]",HY-N0015-5mg,4'C,,,,,,,
Product,PRD-0088,MCE,"Fulvestrant (cas# 129-453-61-8), 99.88%, 10mg [4°C] / (Synonyms: ICI 182780) [1/ea]",HY-13636-10mg,4'C,,,,,,,
Product,PRD-0089,MCE,"MSAB (cas# 173436-66-3), 99.77%, 5mg [4℃] [1/ea]",HY-120697-5mg,4'C,,,,,,,
Product,PRD-0090,MCE,"Myricetin (cas# 529-44-2), 98.08%, 50mg [2-8℃] [1/ea]",HY-15097-50mg,4'C,,,,,,,
Product,PRD-0091,MCE,"Myricitrin (cas# 17912-87-7), 99.64%, 5mg [2-8℃] [1/ea]",HY-N0152-5mg,4'C,,,,,,,
Product,PRD-0092,MCE,"Rapamycin (cas# 53123-88-9), Purity: 99.52%, 10mg [1/ea]",HY-10219-10mg,,,,,,,,
Product,PRD-0093,MCE,"SB-431542 (cas# 301836-41-9), 99.89%, 10mg [4℃] [1/ea]",HY-10431-10mg,4'C,,,,,,,
Product,PRD-0094,Medicom,"SafeTouch Advanced Slim Nitrile Gloves, Small, 100/pk, 10pk/bx [100/pk]",1175B/PK,,,,,,,,
Product,PRD-0095,Microflex,"DGP Latex Gloves, M, 100/pk, 10pk/bx [100/pk]",63754080/PK,,,,,,,,
Product,PRD-0096,Microflex,"DGP Latex Gloves, S, 100/pk, 10pk/bx [100/pk]",63754070/PK,,,,,,,,
Product,PRD-0097,Microflex,"DGP Latex Gloves, XS, 100/pk, 10pk/bx [100/pk]",63754060/PK,,,,,,,,
Product,PRD-0098,MTM,"Cryo Box(2인치, 81홀, PE devider) / Card Board Box [1/ea]",MTM-SB281,,,,,,,,
Product,PRD-0099,MTM,"Sample Storage box (Cardboard, 2인치, 81홀, PE devider) [1/ea]",MTM-SB281,,,,,,,,
Product,PRD-0100,Neptune,"1.6mL Graduated Microcentrifuge Tubes, non-sterile, 500/pk, 10pk/bx [500/pk]",4445.X/PK,,,,,,,,
Product,PRD-0101,Neptune,"10uL Tips, clear, non-sterile, S3 (Low Binding), Bulk, 1000/pk, 20pk/bx [1000/pk]",2040/PK,,,,,,,,
Product,PRD-0102,Neptune,"1250uL Tips, clear, non-sterile, S3 (Low Binding), Bulk, 1000/pk, 4pk/bx [1000/pk]",2370/PK,,,,,,,,
Product,PRD-0103,Neptune,"200uL Tips, clear, non-sterile, S3 (Low Binding), Bulk, 1000/pk, 10pk/bx [1000/pk]",2100/PK,,,,,,,,
Product,PRD-0104,Neptune,"Empty Rack for 1000ul - 1250ul Tips, 1/ea, 8rack/pk, 4pk/bx [1/ea]",2372-ER,,,,,,,,
Product,PRD-0105,Neptune,"Empty Rack for 10uL & 10XL Tips, 1/ea, 10rack/pk, 5pk/bx [1/ea]",2042-ER,,,,,,,,
Product,PRD-0106,Neptune,"Empty Rack for 20uL - 300uL Tips, 1/ea, 10rack/pk, 5pk/bx [1/ea]",2342-ER,,,,,,,,
Product,PRD-0107,Nunc,"1.8mL Cryogenic Tubes, Internal, With writing surface and screw cap, Sterile [50/450/pk]",368632PK,,,,,,,,
Product,PRD-0108,Peprotech,"Recombinant Murine M-CSF, 10ug [-20℃] [1/ea]",315-02-10ug,-20'C,,,,,,,
Product,PRD-0109,Peprotech,"Recombinant Murine sRANK Ligand (CHO derived), 10ug [-20℃] [1/ea]",315-11C-10ug,-20'C,,,,,,,
Product,PRD-0110,Peprotech,"Recombinant Murine sRANK Ligand (E.coli derived), 10ug [-20℃] [1/ea]",315-11-10ug,-20'C,,,,,,,
Product,PRD-0111,Promega,"Luciferase Assay System, 10 x 100 assays [-20℃] [1/kit]",E1501,-20'C,,,,,,,
Product,PRD-0112,Promega,"Luciferase Cell Culture Lysis 5X Reagent, 30mL [-20°C] [1/ea]",E1531,-20'C,,,,,,,
Product,PRD-0113,Pyrex,"500mL 복숭아형 플라스크, 죠인트 24/40 [Pear shaped][경질 1급] [1/ea]",FK1210-500(P),,,,,,,,
Product,PRD-0114,Pyrex,"에바포레이타용 트랩(250mL), 상부조인트 24/40, 하부조인트 24/40 [1/ea]",AD1130-2424,,,,,,,,
Product,PRD-0115,RayBiotech,"Mouse IL-1 beta ELISA, 1 Plate Kit / Cell and Tissue Lysates [1/kit]",ELM-IL1b-CL-1,,,,,,,,
Product,PRD-0116,RayBiotech,"Mouse IL-6 ELISA, 1 Plate Kit / Cell and Tissue Lysates [1/kit]",ELM-IL6-CL-1,,,,,,,,
Product,PRD-0117,RayBiotech,"Mouse TNF-alpha ELISA (For Lysates), 1 Plate Kit [1/kit]",ELM-TNFa-CL-1,,,,,,,,
Product,PRD-0118,RayBiotech,"Mouse TNF-beta/LTA/TNFSF1B ELISA, 1 Plate Kit / Serum, Plasma, Cell Culture Supernatant [1/kit]",ELM-TNFB-1,,,,,,,,
Product,PRD-0119,Roche,ACCU-CHEK Performa 100 Test Strips / 혈당시험지 100매 [100/pk],06454038,,,,,,,,
Product,PRD-0120,Roche,"LightCycler 480 Sealing Foil, 50 foils [50/pk]",04729757001,,,,,,,,
Product,PRD-0121,Roche,"LightCycler® 480 Multiwell Plate 384, white, 50 plates with foils [50/pk]",04729749001,,,,,,,,
Product,PRD-0122,sanplatec,쥐장갑 왼손용 LMP GLOVE S-LH / 손가락보호장갑 [1/ea],3427282,,,,,,,,
Product,PRD-0123,Santacruz,"beta Actin antibody (C4), 200ug/mL [4℃] [1/ea]",sc-47778,4'C,,,,,,,
Product,PRD-0124,Santacruz,"BMP-2/4 antibody (H-1), 200ug/mL [4℃] [1/ea]",sc-137087,4'C,,,,,,,
Product,PRD-0125,Santacruz,"m-IgGκ BP-HRP, 200ug/0.5mL [4℃] [1/ea]",sc-516102,4'C,,,,,,,
Product,PRD-0126,Santacruz,"OPG/Osteoprotegerin antibody (E-10), 200ug/mL [4℃] [1/ea]",sc-390518,4'C,,,,,,,
Product,PRD-0127,Santacruz,"RUNX2 Antibody (F-2), 200ug/mL [2-8℃] [1/ea]",sc-390351,4'C,,,,,,,
Product,PRD-0128,Santacruz,"UCP2 antibody (G-6), 200ug/mL [4℃] [1/ea]",sc-390189,4'C,,,,,,,
Product,PRD-0129,SciLab,"PCR tube rack with Hinged Lid, 0.2mL x 96 holes, Blue [1/ea]",SL.Rac3071,,,,,,,,
Product,PRD-0130,Sigma,"Alizarin Red S (cas# 130-22-3), certified by the Biological Stain Commission, 25g [1/ea]",A5533-25g,,,,,,,,
Product,PRD-0131,Sigma,"Boron trifluoride methanol complex solution (cas# 2802-68-8), 13-15% BF3 basis, 1L [1/ea]",61626-1L,,,,,,,,
Product,PRD-0132,Sigma,"Bovine Serum Albumin(cas# 9048-46-8), heat shock fraction, pH 7, ≥98%, 10g [2-8℃] [1/ea]",A7030-10g,4'C,,,,,,,
Product,PRD-0133,Sigma,"Dimethyl sulfoxide (cas# 67-68-5), for molecular biology, 1L [RT] [1/ea]",D8418-1L,RT,,,,,,,
Product,PRD-0134,Sigma,"Formalin solution, neutral buffered, 10%, histological tissue fixative, 48 X 15 ML [RT] [1/cs]",HT5011-1CS,RT,,,,,,,
Product,PRD-0135,Sigma,"Griess reagent (modified) (cas# 215-98-1), 10g [RT] [1/ea]",G4410-10g,RT,,,,,,,
Product,PRD-0136,Sigma,"InSolution™ Bafilomycin A1 (cas# 88899-55-2), ≥97% by HPLC, 15ug [-20℃] [1/ea]",5084090001,-20'C,,,,,,,
Product,PRD-0137,Sigma,"Insulin from bovine pancreas (cas# 11070-73-8), suitable for cell culture, 250mg [-20°C] [1/ea]",I6634-250mg,-20'C,,,,,,,
Product,PRD-0138,Sigma,"Interleukin-1β human, ≥95% (SDS-PAGE), 10ug [-20℃] / expressed in HEK 293 [1/ea]",H6291-10ug,-20'C,,,,,,,
Product,PRD-0139,Sigma,"L-Sulforaphane (cas# 142825-10-3), ≥95% (HPLC), oil, 5mg [-20°C] [1/ea]",S6317-5mg,-20'C,,,,,,,
Product,PRD-0140,Sigma,"Maltodextrin (cas# 9050-36-6), 100g [1/ea]",419680-100g,,,,,,,,
Product,PRD-0141,Sigma,"Maltodextrin (cas# 9050-36-6), 500g [1/ea]",419680-500g,,,,,,,,
Product,PRD-0142,Sigma,"Phenethyl isothiocyanate (cas# 2257-09-2), ≥98.5% (GC), analytical standard, 250mg [2-8°C] [1/ea]",68488-250mg,4'C,,,,,,,
Product,PRD-0143,Sigma,"Phenylmethanesulfonyl fluoride (cas# 329-98-6), ≥98.5% (GC), 1g / PMSF [1/ea]",P7626-1g,,,,,,,,
Product,PRD-0144,Sigma,"SigmaClean® water bath treatment, 4oz(118mL) / cas# 68424-85-1 [유해화학물질] / 1 gal 당 0.0025 oz [1/ea]",S5525-4OZ,,,,,,,,
Product,PRD-0145,Sigma,"tert-Butyl hydroperoxide solution (cas# 75-91-2), 70 wt. % in H2O, 25mL [1/ea]",458139-25mL,,,,,,,,
Product,PRD-0146,Sigma,"Tumor Necrosis Factor-α human, ≥97% (SDS-PAGE), 10ug [-20℃] / expressed in E. coli [1/ea]",T6674-10ug,-20'C,,,,,,,
Product,PRD-0147,Sigma,"Tween 20 (cas# 9005-64-5), 250mL [RT] [1/ea]",P1379-250mL,RT,,,,,,,
Product,PRD-0148,Solmate,"Glycine (cas# 56-40-6), GR Grade, 1Kg [1/ea]",SM-GLC-001,,,,,,,,
Product,PRD-0149,Solmate,"Glycine (cas# 56-40-6), GR Grade, 99%, 5Kg [RT] [1/ea]",SM-GLC-005,RT,,,,,,,
Product,PRD-0150,SPL,10mL Serological Pipettes [100/400/bx],91010,,,,,,,,
Product,PRD-0151,SPL,15mL Conical Tubes [50/500/bx],50015,,,,,,,,
Product,PRD-0152,SPL,"175T Cell Culture Flasks, Filter Cap, Sterile [5/40/bx]",71175,,,,,,,,
Product,PRD-0153,SPL,25mL Serological Pipettes [50/200/bx],91025,,,,,,,,
Product,PRD-0154,SPL,50mL Conical Tubes [25/500/bx],50050,,,,,,,,
Product,PRD-0155,SPL,"5mL Conical Tubes, Sterile [100/200/bx]",51105,,,,,,,,
Product,PRD-0156,SPL,60mm Cell Culture Dishes / 60 x 15mm / External Grip(+) [10/500/bx],20060,,,,,,,,
Product,PRD-0157,SPL,"96well Cell Culture Plates, Flat Bottom, Non-Treatment, Non-Sterile, with Lid [10/100/bx]",31096,,,,,,,,
Product,PRD-0158,SPL,"Cell Scraper, 20mm, Sterile [1/100/bx]",90030,,,,,,,,
Product,PRD-0159,SPL,"Confocal Dish & Plate, Adhesion Type, Clear, 35 x 10mm, External Grip(+), Surface Treatment(+) [5/50/bx]",211350,,,,,,,,
Product,PRD-0160,SPL,"Media Bottle, Sterile, 500mL [24/48/bx]",56500,,,,,,,,
Product,PRD-0161,SPL,"Reservoir, 50mL, 1Channel, Sterile [5/100/bx]",23050,,,,,,,,
Product,PRD-0162,SPL,"Reservoirs, 25mL, 2channel, Sterile [5/100/bx]",21102,,,,,,,,
Product,PRD-0163,SPL,"Storage box, PP(-70 ~ +140 °C), 10 x 10 (100 Holes), Natural color, Deep Freezer용 [1/ea]",80100,,,,,,,,
Product,PRD-0164,Supelco,"2-Propanol (cas# 67-63-0), for analysis EMSURE, 1L / Plastic bottle [1/ea]",109634.1011,,,,,,,,
Product,PRD-0165,Supelco,"Ethanol (cas# 64-17-5), absolute for analysis EMSURE, 1L / Plastic bottle [1/ea]",100983.1011,,,,,,,,
Product,PRD-0166,Supelco,"Methanol (cas# 67-56-1), for analysis EMSURE, 1L [유해화학물질(유독물질/사고대비물질)] [1/ea]",106009.1011,,,,,,,,
Product,PRD-0167,Supelco,"Orlistat (cas# 96829-58-2) Pharmaceutical Secondary Standard, 1g [2-30°C] [1/ea]",PHR1445-1g,4'C,,,,,,,
Product,PRD-0168,SuperTek,"나일론 플라스크 솔, Head Size 140x50mm, 길이 370mm",CH10320,,,,,,,,
Product,PRD-0169,T&I,"20X PBS, pH 7.4, 4L [RT] / Bucket Type [1/ea]",BPB-9121-004LB,RT,,,,,,,
Product,PRD-0170,T&I,"T&I Blot-Per, 10 x 8cm [500/pk]",TBP-1008,,,,,,,,
Product,PRD-0171,Takara,"PrimeScript™ 1st strand cDNA Synthesis Kit, 200회 [-20℃][4 x 6110A] [1/kit]",6110B,-20'C,,,,,,,
Product,PRD-0172,Tanon,"Fiber pad, 8 x 11cm [4/pk]",186-1307,,,,,,,,
Product,PRD-0173,Tanon,Ice Cooling Unit / VE-186 acc. [1/pk],186-1501,,,,,,,,
Product,PRD-0174,Thermo Scientific,"Nalgene™ Polypropylene-Filled Test Tube Peg Racks, White, 10-13mm Tubes [2/pk]",5977-0013PK,,,,,,,,
Product,PRD-0175,Thermo Scientific,"SuperSignal West Femto Maximum Sensitivity Substrate, 100mL Kit (50mL+50mL) [4℃] [1/kit]",34095,4'C,,,,,,,
Product,PRD-0176,Thermo Scientific,"SuperSignal West Femto Maximum Sensitivity Substrate, 200mL Kit(100mL+100mL)[4℃] [1/kit]",34096,4'C,,,,,,,
Product,PRD-0177,VOLO,"Strip Tubes with Strip Caps / strips of 8, flat, clear cap strips [125/pk]",PP-106,,,,,,,,
Product,PRD-0178,Welgene,"0.05% Trypsin-EDTA, 1X, phenol red, 500mL [-20℃] [1/ea]",LS015-01-500ML,-20'C,,,,,,,
Product,PRD-0179,Welgene,"3M Sodium Acetate (pH 5.2), 500mL [RT] [1/ea]",ML010-01-500mL,RT,,,,,,,
Product,PRD-0180,Welgene,"Alpha MEM, 1X, liquid, 500mL [2-8℃] [1/ea]",LM008-53-500mL,4'C,,,,,,,
Product,PRD-0181,Welgene,"DMEM, High Glucose, 500mL [2-8℃] [1/ea]",LM001-05-500mL,4'C,,,,,,,
Product,PRD-0182,Welgene,"DMEM/F-12, L-Glutamine, HEPES, Phenol Red 포함, 500mL [2-8°C] [1/ea]",LM002-04-500mL,4'C,,,,,,,
Product,PRD-0183,Welgene,"DPBS (1X), 500mL [15-30℃] [1/ea]",LB001-02-500ML,RT,,,,,,,
Product,PRD-0184,Welgene,"Insulin-Transferrin-Selenium-Pyruvate Supplement (ITSP) (100X), Liquid, 100mL [-20℃] [1/ea]",LS030-01,-20'C,,,,,,,
Product,PRD-0185,고려에이스,"4-Way Microtube Rack, PP / 50mL x 4홀 & 15mL x 12홀 & 2.0mL x 32홀 & 0.5mL x 32홀 / 색상 랜덤 [1/ea]",KA.29022,,,,,,,,
Product,PRD-0186,고려에이스,"Centrifuge Tube Racks (스텐 원심관랙), Stainless, 8홀(50mL용) [1/ea]",KA.11-39L,,,,,,,,
Product,PRD-0187,고려에이스,"Microcentrifuge Tube Holder, 1.5mL/2.0mL, 10/pk [10/pk]",KA.4350,,,,,,,,
Product,PRD-0188,고려에이스,Two-Way Micro Tube Rack (겸용랙/양면랙) / 0.5mLx96홀 & 1.5-2.0mLx96홀 / 색상 랜덤 [1/ea],KA.UB33-10A,,,,,,,,
Product,PRD-0189,고려에이스,라벨테이프 디스펜서(국산) 2롤 [1/ea],KA.22-95,,,,,,,,
Product,PRD-0190,고려에이스,"유산지 (Weighing Papers), 15 x 15cm, 500매 [500/pk]",KA22-14,,,,,,,,
Product,PRD-0191,국산,석션병 세트(2.5L 병+마개 세트) [1/set],BT1310-2500S,,,,,,,,
Product,PRD-0192,국산,"스테인리스 비드(Stainless Bead),3mm w/o PCR Inhibitors [1000/pk]",SUS-3M,,,,,,,,
Product,PRD-0193,대정화금,"1mol Hydrochloric acid (cas# 7647-01-0) standard solution(1N), 500mL [유해화학물질(유독물질, 사고대비물질] [1/ea]",4095-3705,,,,,,,,
Product,PRD-0194,대정화금,"6mol Hydrochloric acid (cas# 7647-01-0) standard solution(6N), 1L [유해화학물질(유독물질/사고대비물질)] [1/ea]",4097-3700,,,,,,,,
Product,PRD-0195,대정화금,"Ethanol (cas# 64-17-5), 94.5%, EP, 18L [1/ea]",4204-4410,,,,,,,,
Product,PRD-0196,대정화금,"Methanol (cas# 67-56-1), 99.5%, EP, 18L [유해화학물질(유독물질)][사고대비물질]/일반택배불가 [1/ea]",5558-4410,,,,,,,,
Product,PRD-0197,삼우바이알,"20mL(26*60) 스크류바이알용캡, 흰색캡(PP), 기본 P.E.T 라이너 [1/ea]",CAP2660(PET),,,,,,,,
Product,PRD-0198,삼우바이알,"20mL(26*60) 스크류캡 바이알, 흰색캡(PP), 기본 P.E.T 라이너 [200/bx]",SCV2660(PET),,,,,,,,
Product,PRD-0199,위고,위고 일회용 멸균 식염수 주사기 10cc 30개입 10ml Safe-Flush Syringe [30/pk],식염수주사기(10cc),,,,,,,,
Product,PRD-0200,유한킴벌리,"디펜드 안심깔개매트, 60 x 74cm, 10개입 x 10팩 [1/ea]",기타품목,,,,,,,,
Product,PRD-0201,유한킴벌리,"크리넥스 드라이셀 핸드타올, 5000매 (20밴드) [5000매/bx]",47223,,,,,,,,
Product,PRD-0202,유한킴벌리,"크린가드 청정마스크 개별포장 50매, 50개/카톤, 12카톤/케이스 [50/카톤]",44271/카톤,,,,,,,,
Product,PRD-0203,정도비앤피,Auto Clip Blade 9mm / MikRon OEM제품 [100/pk],JD-S-104-9B,,,,,,,,
Product,PRD-0204,한국백신,"50cc 일회용 주사기(21G, 1-1/4 inch) [1/25/pk]",한국백신50cc21G,,,,,,,,
Product,PRD-0205,한국백신,"일회용주사기, 1cc, 26G, 1/2인치, Sterile [100/pk]",한국백신1cc26G,,,,,,,,
